"","uf_sigla","cod_macrorregiao","macrorregiao_pad","quantidade","mes_ano"
"1","GO","5209","MACRORREGIAO CENTRO-NORTE",1170,2021-12-01
"2","GO","5208","MACRORREGIAO CENTRO-OESTE",2357,2021-12-01
"3","GO","5210","MACRORREGIAO CENTRO SUDESTE",1558,2021-12-01
"4","GO","5206","MACRORREGIAO SUDOESTE",750,2021-12-01
"5","GO","5207","MACRORREGIAO NORDESTE",1542,2021-12-01
"6","GO","5207","MACRORREGIAO NORDESTE",1437,2021-11-01
"7","GO","5208","MACRORREGIAO CENTRO-OESTE",2335,2021-11-01
"8","GO","5206","MACRORREGIAO SUDOESTE",757,2021-11-01
"9","GO","5210","MACRORREGIAO CENTRO SUDESTE",1542,2021-11-01
"10","GO","5209","MACRORREGIAO CENTRO-NORTE",1195,2021-11-01
"11","GO","5209","MACRORREGIAO CENTRO-NORTE",1137,2021-10-01
"12","GO","5208","MACRORREGIAO CENTRO-OESTE",2462,2021-10-01
"13","GO","5207","MACRORREGIAO NORDESTE",1491,2021-10-01
"14","GO","5210","MACRORREGIAO CENTRO SUDESTE",1563,2021-10-01
"15","GO","5206","MACRORREGIAO SUDOESTE",762,2021-10-01
"16","GO","5209","MACRORREGIAO CENTRO-NORTE",1200,2021-09-01
"17","GO","5207","MACRORREGIAO NORDESTE",1547,2021-09-01
"18","GO","5206","MACRORREGIAO SUDOESTE",759,2021-09-01
"19","GO","5210","MACRORREGIAO CENTRO SUDESTE",1589,2021-09-01
"20","GO","5208","MACRORREGIAO CENTRO-OESTE",2415,2021-09-01
"21","GO","5207","MACRORREGIAO NORDESTE",1507,2021-08-01
"22","GO","5209","MACRORREGIAO CENTRO-NORTE",1243,2021-08-01
"23","GO","5208","MACRORREGIAO CENTRO-OESTE",2337,2021-08-01
"24","GO","5210","MACRORREGIAO CENTRO SUDESTE",1535,2021-08-01
"25","GO","5206","MACRORREGIAO SUDOESTE",731,2021-08-01
"26","GO","5208","MACRORREGIAO CENTRO-OESTE",2406,2021-07-01
"27","GO","5207","MACRORREGIAO NORDESTE",1564,2021-07-01
"28","GO","5209","MACRORREGIAO CENTRO-NORTE",1165,2021-07-01
"29","GO","5206","MACRORREGIAO SUDOESTE",746,2021-07-01
"30","GO","5210","MACRORREGIAO CENTRO SUDESTE",1573,2021-07-01
"31","GO","5210","MACRORREGIAO CENTRO SUDESTE",1484,2021-06-01
"32","GO","5206","MACRORREGIAO SUDOESTE",695,2021-06-01
"33","GO","5207","MACRORREGIAO NORDESTE",1487,2021-06-01
"34","GO","5209","MACRORREGIAO CENTRO-NORTE",1214,2021-06-01
"35","GO","5208","MACRORREGIAO CENTRO-OESTE",2436,2021-06-01
"36","GO","5208","MACRORREGIAO CENTRO-OESTE",2444,2021-05-01
"37","GO","5207","MACRORREGIAO NORDESTE",1646,2021-05-01
"38","GO","5210","MACRORREGIAO CENTRO SUDESTE",1715,2021-05-01
"39","GO","5206","MACRORREGIAO SUDOESTE",779,2021-05-01
"40","GO","5209","MACRORREGIAO CENTRO-NORTE",1281,2021-05-01
"41","GO","5209","MACRORREGIAO CENTRO-NORTE",1270,2021-04-01
"42","GO","5207","MACRORREGIAO NORDESTE",1615,2021-04-01
"43","GO","5206","MACRORREGIAO SUDOESTE",792,2021-04-01
"44","GO","5208","MACRORREGIAO CENTRO-OESTE",2450,2021-04-01
"45","GO","5210","MACRORREGIAO CENTRO SUDESTE",1674,2021-04-01
"46","GO","5209","MACRORREGIAO CENTRO-NORTE",1386,2021-03-01
"47","GO","5207","MACRORREGIAO NORDESTE",1734,2021-03-01
"48","GO","5206","MACRORREGIAO SUDOESTE",792,2021-03-01
"49","GO","5208","MACRORREGIAO CENTRO-OESTE",2713,2021-03-01
"50","GO","5210","MACRORREGIAO CENTRO SUDESTE",1853,2021-03-01
"51","GO","5210","MACRORREGIAO CENTRO SUDESTE",1544,2021-02-01
"52","GO","5206","MACRORREGIAO SUDOESTE",764,2021-02-01
"53","GO","5209","MACRORREGIAO CENTRO-NORTE",1209,2021-02-01
"54","GO","5208","MACRORREGIAO CENTRO-OESTE",2296,2021-02-01
"55","GO","5207","MACRORREGIAO NORDESTE",1428,2021-02-01
"56","GO","5209","MACRORREGIAO CENTRO-NORTE",1203,2021-01-01
"57","GO","5207","MACRORREGIAO NORDESTE",1550,2021-01-01
"58","GO","5206","MACRORREGIAO SUDOESTE",766,2021-01-01
"59","GO","5210","MACRORREGIAO CENTRO SUDESTE",1633,2021-01-01
"60","GO","5208","MACRORREGIAO CENTRO-OESTE",2390,2021-01-01
"61","GO","5208","MACRORREGIAO CENTRO-OESTE",2468,2020-12-01
"62","GO","5210","MACRORREGIAO CENTRO SUDESTE",1600,2020-12-01
"63","GO","5206","MACRORREGIAO SUDOESTE",756,2020-12-01
"64","GO","5209","MACRORREGIAO CENTRO-NORTE",1122,2020-12-01
"65","GO","5207","MACRORREGIAO NORDESTE",1525,2020-12-01
"66","GO","5210","MACRORREGIAO CENTRO SUDESTE",1472,2020-11-01
"67","GO","5208","MACRORREGIAO CENTRO-OESTE",2298,2020-11-01
"68","GO","5209","MACRORREGIAO CENTRO-NORTE",1144,2020-11-01
"69","GO","5206","MACRORREGIAO SUDOESTE",729,2020-11-01
"70","GO","5207","MACRORREGIAO NORDESTE",1419,2020-11-01
"71","GO","5206","MACRORREGIAO SUDOESTE",752,2020-10-01
"72","GO","5209","MACRORREGIAO CENTRO-NORTE",1205,2020-10-01
"73","GO","5208","MACRORREGIAO CENTRO-OESTE",2350,2020-10-01
"74","GO","5207","MACRORREGIAO NORDESTE",1481,2020-10-01
"75","GO","5210","MACRORREGIAO CENTRO SUDESTE",1586,2020-10-01
"76","GO","5209","MACRORREGIAO CENTRO-NORTE",1263,2020-09-01
"77","GO","5208","MACRORREGIAO CENTRO-OESTE",2484,2020-09-01
"78","GO","5207","MACRORREGIAO NORDESTE",1508,2020-09-01
"79","GO","5206","MACRORREGIAO SUDOESTE",747,2020-09-01
"80","GO","5210","MACRORREGIAO CENTRO SUDESTE",1656,2020-09-01
"81","GO","5206","MACRORREGIAO SUDOESTE",757,2020-08-01
"82","GO","5208","MACRORREGIAO CENTRO-OESTE",2435,2020-08-01
"83","GO","5207","MACRORREGIAO NORDESTE",1453,2020-08-01
"84","GO","5210","MACRORREGIAO CENTRO SUDESTE",1564,2020-08-01
"85","GO","5209","MACRORREGIAO CENTRO-NORTE",1178,2020-08-01
"86","GO","5206","MACRORREGIAO SUDOESTE",835,2020-07-01
"87","GO","5207","MACRORREGIAO NORDESTE",1477,2020-07-01
"88","GO","5210","MACRORREGIAO CENTRO SUDESTE",1664,2020-07-01
"89","GO","5208","MACRORREGIAO CENTRO-OESTE",2583,2020-07-01
"90","GO","5209","MACRORREGIAO CENTRO-NORTE",1274,2020-07-01
"91","GO","5206","MACRORREGIAO SUDOESTE",759,2020-06-01
"92","GO","5207","MACRORREGIAO NORDESTE",1579,2020-06-01
"93","GO","5209","MACRORREGIAO CENTRO-NORTE",1219,2020-06-01
"94","GO","5210","MACRORREGIAO CENTRO SUDESTE",1661,2020-06-01
"95","GO","5208","MACRORREGIAO CENTRO-OESTE",2442,2020-06-01
"96","GO","5209","MACRORREGIAO CENTRO-NORTE",1286,2020-05-01
"97","GO","5207","MACRORREGIAO NORDESTE",1622,2020-05-01
"98","GO","5208","MACRORREGIAO CENTRO-OESTE",2719,2020-05-01
"99","GO","5206","MACRORREGIAO SUDOESTE",786,2020-05-01
"100","GO","5210","MACRORREGIAO CENTRO SUDESTE",1764,2020-05-01
"101","GO","5209","MACRORREGIAO CENTRO-NORTE",1298,2020-04-01
"102","GO","5208","MACRORREGIAO CENTRO-OESTE",2817,2020-04-01
"103","GO","5210","MACRORREGIAO CENTRO SUDESTE",1780,2020-04-01
"104","GO","5206","MACRORREGIAO SUDOESTE",798,2020-04-01
"105","GO","5207","MACRORREGIAO NORDESTE",1673,2020-04-01
"106","GO","5208","MACRORREGIAO CENTRO-OESTE",2822,2020-03-01
"107","GO","5206","MACRORREGIAO SUDOESTE",884,2020-03-01
"108","GO","5207","MACRORREGIAO NORDESTE",1716,2020-03-01
"109","GO","5209","MACRORREGIAO CENTRO-NORTE",1329,2020-03-01
"110","GO","5210","MACRORREGIAO CENTRO SUDESTE",1802,2020-03-01
"111","GO","5209","MACRORREGIAO CENTRO-NORTE",1151,2020-02-01
"112","GO","5208","MACRORREGIAO CENTRO-OESTE",2396,2020-02-01
"113","GO","5207","MACRORREGIAO NORDESTE",1468,2020-02-01
"114","GO","5210","MACRORREGIAO CENTRO SUDESTE",1639,2020-02-01
"115","GO","5206","MACRORREGIAO SUDOESTE",738,2020-02-01
"116","GO","5206","MACRORREGIAO SUDOESTE",800,2020-01-01
"117","GO","5208","MACRORREGIAO CENTRO-OESTE",2557,2020-01-01
"118","GO","5207","MACRORREGIAO NORDESTE",1610,2020-01-01
"119","GO","5210","MACRORREGIAO CENTRO SUDESTE",1639,2020-01-01
"120","GO","5209","MACRORREGIAO CENTRO-NORTE",1228,2020-01-01
"121","GO","5210","MACRORREGIAO CENTRO SUDESTE",1472,2019-12-01
"122","GO","5206","MACRORREGIAO SUDOESTE",795,2019-12-01
"123","GO","5207","MACRORREGIAO NORDESTE",1559,2019-12-01
"124","GO","5209","MACRORREGIAO CENTRO-NORTE",1235,2019-12-01
"125","GO","5208","MACRORREGIAO CENTRO-OESTE",2460,2019-12-01
"126","GO","5206","MACRORREGIAO SUDOESTE",685,2019-11-01
"127","GO","5209","MACRORREGIAO CENTRO-NORTE",1150,2019-11-01
"128","GO","5208","MACRORREGIAO CENTRO-OESTE",2375,2019-11-01
"129","GO","5210","MACRORREGIAO CENTRO SUDESTE",1597,2019-11-01
"130","GO","5207","MACRORREGIAO NORDESTE",1444,2019-11-01
"131","GO","5207","MACRORREGIAO NORDESTE",1506,2019-10-01
"132","GO","5208","MACRORREGIAO CENTRO-OESTE",2587,2019-10-01
"133","GO","5206","MACRORREGIAO SUDOESTE",749,2019-10-01
"134","GO","5210","MACRORREGIAO CENTRO SUDESTE",1644,2019-10-01
"135","GO","5209","MACRORREGIAO CENTRO-NORTE",1192,2019-10-01
"136","GO","5206","MACRORREGIAO SUDOESTE",788,2019-09-01
"137","GO","5207","MACRORREGIAO NORDESTE",1540,2019-09-01
"138","GO","5209","MACRORREGIAO CENTRO-NORTE",1241,2019-09-01
"139","GO","5210","MACRORREGIAO CENTRO SUDESTE",1641,2019-09-01
"140","GO","5208","MACRORREGIAO CENTRO-OESTE",2504,2019-09-01
"141","GO","5210","MACRORREGIAO CENTRO SUDESTE",1669,2019-08-01
"142","GO","5209","MACRORREGIAO CENTRO-NORTE",1269,2019-08-01
"143","GO","5208","MACRORREGIAO CENTRO-OESTE",2568,2019-08-01
"144","GO","5207","MACRORREGIAO NORDESTE",1556,2019-08-01
"145","GO","5206","MACRORREGIAO SUDOESTE",734,2019-08-01
"146","GO","5210","MACRORREGIAO CENTRO SUDESTE",1659,2019-07-01
"147","GO","5206","MACRORREGIAO SUDOESTE",843,2019-07-01
"148","GO","5208","MACRORREGIAO CENTRO-OESTE",2710,2019-07-01
"149","GO","5209","MACRORREGIAO CENTRO-NORTE",1298,2019-07-01
"150","GO","5207","MACRORREGIAO NORDESTE",1553,2019-07-01
"151","GO","5208","MACRORREGIAO CENTRO-OESTE",2564,2019-06-01
"152","GO","5207","MACRORREGIAO NORDESTE",1476,2019-06-01
"153","GO","5209","MACRORREGIAO CENTRO-NORTE",1275,2019-06-01
"154","GO","5210","MACRORREGIAO CENTRO SUDESTE",1708,2019-06-01
"155","GO","5206","MACRORREGIAO SUDOESTE",792,2019-06-01
"156","GO","5208","MACRORREGIAO CENTRO-OESTE",2864,2019-05-01
"157","GO","5210","MACRORREGIAO CENTRO SUDESTE",1840,2019-05-01
"158","GO","5206","MACRORREGIAO SUDOESTE",910,2019-05-01
"159","GO","5209","MACRORREGIAO CENTRO-NORTE",1413,2019-05-01
"160","GO","5207","MACRORREGIAO NORDESTE",1597,2019-05-01
"161","GO","5207","MACRORREGIAO NORDESTE",1631,2019-04-01
"162","GO","5208","MACRORREGIAO CENTRO-OESTE",2688,2019-04-01
"163","GO","5209","MACRORREGIAO CENTRO-NORTE",1360,2019-04-01
"164","GO","5210","MACRORREGIAO CENTRO SUDESTE",1757,2019-04-01
"165","GO","5206","MACRORREGIAO SUDOESTE",921,2019-04-01
"166","GO","5208","MACRORREGIAO CENTRO-OESTE",2877,2019-03-01
"167","GO","5206","MACRORREGIAO SUDOESTE",877,2019-03-01
"168","GO","5207","MACRORREGIAO NORDESTE",1674,2019-03-01
"169","GO","5210","MACRORREGIAO CENTRO SUDESTE",1846,2019-03-01
"170","GO","5209","MACRORREGIAO CENTRO-NORTE",1454,2019-03-01
"171","GO","5209","MACRORREGIAO CENTRO-NORTE",1325,2019-02-01
"172","GO","5210","MACRORREGIAO CENTRO SUDESTE",1716,2019-02-01
"173","GO","5207","MACRORREGIAO NORDESTE",1495,2019-02-01
"174","GO","5206","MACRORREGIAO SUDOESTE",795,2019-02-01
"175","GO","5208","MACRORREGIAO CENTRO-OESTE",2706,2019-02-01
"176","GO","5208","MACRORREGIAO CENTRO-OESTE",2971,2019-01-01
"177","GO","5209","MACRORREGIAO CENTRO-NORTE",1307,2019-01-01
"178","GO","5206","MACRORREGIAO SUDOESTE",853,2019-01-01
"179","GO","5210","MACRORREGIAO CENTRO SUDESTE",1794,2019-01-01
"180","GO","5207","MACRORREGIAO NORDESTE",1599,2019-01-01
"181","GO","5207","MACRORREGIAO NORDESTE",1444,2018-12-01
"182","GO","5206","MACRORREGIAO SUDOESTE",764,2018-12-01
"183","GO","5208","MACRORREGIAO CENTRO-OESTE",2703,2018-12-01
"184","GO","5209","MACRORREGIAO CENTRO-NORTE",1252,2018-12-01
"185","GO","5210","MACRORREGIAO CENTRO SUDESTE",1571,2018-12-01
"186","GO","5209","MACRORREGIAO CENTRO-NORTE",1145,2018-11-01
"187","GO","5206","MACRORREGIAO SUDOESTE",785,2018-11-01
"188","GO","5210","MACRORREGIAO CENTRO SUDESTE",1622,2018-11-01
"189","GO","5208","MACRORREGIAO CENTRO-OESTE",2632,2018-11-01
"190","GO","5207","MACRORREGIAO NORDESTE",1482,2018-11-01
"191","GO","5206","MACRORREGIAO SUDOESTE",787,2018-10-01
"192","GO","5208","MACRORREGIAO CENTRO-OESTE",2679,2018-10-01
"193","GO","5210","MACRORREGIAO CENTRO SUDESTE",1714,2018-10-01
"194","GO","5209","MACRORREGIAO CENTRO-NORTE",1309,2018-10-01
"195","GO","5207","MACRORREGIAO NORDESTE",1525,2018-10-01
"196","GO","5207","MACRORREGIAO NORDESTE",1561,2018-09-01
"197","GO","5209","MACRORREGIAO CENTRO-NORTE",1249,2018-09-01
"198","GO","5210","MACRORREGIAO CENTRO SUDESTE",1805,2018-09-01
"199","GO","5206","MACRORREGIAO SUDOESTE",780,2018-09-01
"200","GO","5208","MACRORREGIAO CENTRO-OESTE",2719,2018-09-01
"201","GO","5206","MACRORREGIAO SUDOESTE",859,2018-08-01
"202","GO","5209","MACRORREGIAO CENTRO-NORTE",1372,2018-08-01
"203","GO","5207","MACRORREGIAO NORDESTE",1617,2018-08-01
"204","GO","5208","MACRORREGIAO CENTRO-OESTE",2775,2018-08-01
"205","GO","5210","MACRORREGIAO CENTRO SUDESTE",1718,2018-08-01
"206","GO","5210","MACRORREGIAO CENTRO SUDESTE",1733,2018-07-01
"207","GO","5207","MACRORREGIAO NORDESTE",1617,2018-07-01
"208","GO","5209","MACRORREGIAO CENTRO-NORTE",1283,2018-07-01
"209","GO","5208","MACRORREGIAO CENTRO-OESTE",2691,2018-07-01
"210","GO","5206","MACRORREGIAO SUDOESTE",816,2018-07-01
"211","GO","5208","MACRORREGIAO CENTRO-OESTE",2732,2018-06-01
"212","GO","5210","MACRORREGIAO CENTRO SUDESTE",1785,2018-06-01
"213","GO","5209","MACRORREGIAO CENTRO-NORTE",1272,2018-06-01
"214","GO","5207","MACRORREGIAO NORDESTE",1572,2018-06-01
"215","GO","5206","MACRORREGIAO SUDOESTE",799,2018-06-01
"216","GO","5206","MACRORREGIAO SUDOESTE",945,2018-05-01
"217","GO","5208","MACRORREGIAO CENTRO-OESTE",2966,2018-05-01
"218","GO","5210","MACRORREGIAO CENTRO SUDESTE",1897,2018-05-01
"219","GO","5207","MACRORREGIAO NORDESTE",1698,2018-05-01
"220","GO","5209","MACRORREGIAO CENTRO-NORTE",1474,2018-05-01
"221","GO","5207","MACRORREGIAO NORDESTE",1669,2018-04-01
"222","GO","5206","MACRORREGIAO SUDOESTE",941,2018-04-01
"223","GO","5210","MACRORREGIAO CENTRO SUDESTE",1878,2018-04-01
"224","GO","5208","MACRORREGIAO CENTRO-OESTE",3083,2018-04-01
"225","GO","5209","MACRORREGIAO CENTRO-NORTE",1462,2018-04-01
"226","GO","5210","MACRORREGIAO CENTRO SUDESTE",1964,2018-03-01
"227","GO","5206","MACRORREGIAO SUDOESTE",901,2018-03-01
"228","GO","5207","MACRORREGIAO NORDESTE",1769,2018-03-01
"229","GO","5208","MACRORREGIAO CENTRO-OESTE",3023,2018-03-01
"230","GO","5209","MACRORREGIAO CENTRO-NORTE",1353,2018-03-01
"231","GO","5209","MACRORREGIAO CENTRO-NORTE",1172,2018-02-01
"232","GO","5207","MACRORREGIAO NORDESTE",1451,2018-02-01
"233","GO","5208","MACRORREGIAO CENTRO-OESTE",2539,2018-02-01
"234","GO","5210","MACRORREGIAO CENTRO SUDESTE",1617,2018-02-01
"235","GO","5206","MACRORREGIAO SUDOESTE",772,2018-02-01
"236","GO","5209","MACRORREGIAO CENTRO-NORTE",1274,2018-01-01
"237","GO","5208","MACRORREGIAO CENTRO-OESTE",2704,2018-01-01
"238","GO","5206","MACRORREGIAO SUDOESTE",839,2018-01-01
"239","GO","5210","MACRORREGIAO CENTRO SUDESTE",1787,2018-01-01
"240","GO","5207","MACRORREGIAO NORDESTE",1519,2018-01-01
"241","GO","5206","MACRORREGIAO SUDOESTE",731,2017-12-01
"242","GO","5208","MACRORREGIAO CENTRO-OESTE",2647,2017-12-01
"243","GO","5207","MACRORREGIAO NORDESTE",1529,2017-12-01
"244","GO","5209","MACRORREGIAO CENTRO-NORTE",1246,2017-12-01
"245","GO","5210","MACRORREGIAO CENTRO SUDESTE",1654,2017-12-01
"246","GO","5210","MACRORREGIAO CENTRO SUDESTE",1686,2017-11-01
"247","GO","5209","MACRORREGIAO CENTRO-NORTE",1290,2017-11-01
"248","GO","5208","MACRORREGIAO CENTRO-OESTE",2550,2017-11-01
"249","GO","5206","MACRORREGIAO SUDOESTE",748,2017-11-01
"250","GO","5207","MACRORREGIAO NORDESTE",1486,2017-11-01
"251","GO","5210","MACRORREGIAO CENTRO SUDESTE",1691,2017-10-01
"252","GO","5206","MACRORREGIAO SUDOESTE",792,2017-10-01
"253","GO","5209","MACRORREGIAO CENTRO-NORTE",1346,2017-10-01
"254","GO","5208","MACRORREGIAO CENTRO-OESTE",2706,2017-10-01
"255","GO","5207","MACRORREGIAO NORDESTE",1566,2017-10-01
"256","GO","5209","MACRORREGIAO CENTRO-NORTE",1245,2017-09-01
"257","GO","5206","MACRORREGIAO SUDOESTE",793,2017-09-01
"258","GO","5210","MACRORREGIAO CENTRO SUDESTE",1716,2017-09-01
"259","GO","5207","MACRORREGIAO NORDESTE",1506,2017-09-01
"260","GO","5208","MACRORREGIAO CENTRO-OESTE",2697,2017-09-01
"261","GO","5207","MACRORREGIAO NORDESTE",1515,2017-08-01
"262","GO","5209","MACRORREGIAO CENTRO-NORTE",1324,2017-08-01
"263","GO","5206","MACRORREGIAO SUDOESTE",783,2017-08-01
"264","GO","5210","MACRORREGIAO CENTRO SUDESTE",1751,2017-08-01
"265","GO","5208","MACRORREGIAO CENTRO-OESTE",2830,2017-08-01
"266","GO","5210","MACRORREGIAO CENTRO SUDESTE",1717,2017-07-01
"267","GO","5208","MACRORREGIAO CENTRO-OESTE",2782,2017-07-01
"268","GO","5209","MACRORREGIAO CENTRO-NORTE",1272,2017-07-01
"269","GO","5207","MACRORREGIAO NORDESTE",1582,2017-07-01
"270","GO","5206","MACRORREGIAO SUDOESTE",834,2017-07-01
"271","GO","5210","MACRORREGIAO CENTRO SUDESTE",1739,2017-06-01
"272","GO","5208","MACRORREGIAO CENTRO-OESTE",2861,2017-06-01
"273","GO","5206","MACRORREGIAO SUDOESTE",802,2017-06-01
"274","GO","5209","MACRORREGIAO CENTRO-NORTE",1362,2017-06-01
"275","GO","5207","MACRORREGIAO NORDESTE",1584,2017-06-01
"276","GO","5210","MACRORREGIAO CENTRO SUDESTE",1831,2017-05-01
"277","GO","5209","MACRORREGIAO CENTRO-NORTE",1416,2017-05-01
"278","GO","5206","MACRORREGIAO SUDOESTE",893,2017-05-01
"279","GO","5208","MACRORREGIAO CENTRO-OESTE",2929,2017-05-01
"280","GO","5207","MACRORREGIAO NORDESTE",1631,2017-05-01
"281","GO","5209","MACRORREGIAO CENTRO-NORTE",1376,2017-04-01
"282","GO","5210","MACRORREGIAO CENTRO SUDESTE",1804,2017-04-01
"283","GO","5207","MACRORREGIAO NORDESTE",1615,2017-04-01
"284","GO","5206","MACRORREGIAO SUDOESTE",814,2017-04-01
"285","GO","5208","MACRORREGIAO CENTRO-OESTE",2760,2017-04-01
"286","GO","5206","MACRORREGIAO SUDOESTE",936,2017-03-01
"287","GO","5209","MACRORREGIAO CENTRO-NORTE",1497,2017-03-01
"288","GO","5207","MACRORREGIAO NORDESTE",1723,2017-03-01
"289","GO","5208","MACRORREGIAO CENTRO-OESTE",3025,2017-03-01
"290","GO","5210","MACRORREGIAO CENTRO SUDESTE",1823,2017-03-01
"291","GO","5209","MACRORREGIAO CENTRO-NORTE",1231,2017-02-01
"292","GO","5207","MACRORREGIAO NORDESTE",1480,2017-02-01
"293","GO","5210","MACRORREGIAO CENTRO SUDESTE",1624,2017-02-01
"294","GO","5208","MACRORREGIAO CENTRO-OESTE",2384,2017-02-01
"295","GO","5206","MACRORREGIAO SUDOESTE",790,2017-02-01
"296","GO","5208","MACRORREGIAO CENTRO-OESTE",2504,2017-01-01
"297","GO","5209","MACRORREGIAO CENTRO-NORTE",1151,2017-01-01
"298","GO","5206","MACRORREGIAO SUDOESTE",788,2017-01-01
"299","GO","5210","MACRORREGIAO CENTRO SUDESTE",1663,2017-01-01
"300","GO","5207","MACRORREGIAO NORDESTE",1464,2017-01-01
"301","GO","5208","MACRORREGIAO CENTRO-OESTE",2401,2016-12-01
"302","GO","5206","MACRORREGIAO SUDOESTE",718,2016-12-01
"303","GO","5210","MACRORREGIAO CENTRO SUDESTE",1484,2016-12-01
"304","GO","5207","MACRORREGIAO NORDESTE",1400,2016-12-01
"305","GO","5209","MACRORREGIAO CENTRO-NORTE",1195,2016-12-01
"306","GO","5206","MACRORREGIAO SUDOESTE",710,2016-11-01
"307","GO","5210","MACRORREGIAO CENTRO SUDESTE",1487,2016-11-01
"308","GO","5209","MACRORREGIAO CENTRO-NORTE",1125,2016-11-01
"309","GO","5207","MACRORREGIAO NORDESTE",1303,2016-11-01
"310","GO","5208","MACRORREGIAO CENTRO-OESTE",2294,2016-11-01
"311","GO","5210","MACRORREGIAO CENTRO SUDESTE",1584,2016-10-01
"312","GO","5208","MACRORREGIAO CENTRO-OESTE",2547,2016-10-01
"313","GO","5207","MACRORREGIAO NORDESTE",1533,2016-10-01
"314","GO","5206","MACRORREGIAO SUDOESTE",751,2016-10-01
"315","GO","5209","MACRORREGIAO CENTRO-NORTE",1210,2016-10-01
"316","GO","5208","MACRORREGIAO CENTRO-OESTE",2597,2016-09-01
"317","GO","5207","MACRORREGIAO NORDESTE",1425,2016-09-01
"318","GO","5210","MACRORREGIAO CENTRO SUDESTE",1621,2016-09-01
"319","GO","5206","MACRORREGIAO SUDOESTE",776,2016-09-01
"320","GO","5209","MACRORREGIAO CENTRO-NORTE",1240,2016-09-01
"321","GO","5206","MACRORREGIAO SUDOESTE",751,2016-08-01
"322","GO","5207","MACRORREGIAO NORDESTE",1426,2016-08-01
"323","GO","5209","MACRORREGIAO CENTRO-NORTE",1245,2016-08-01
"324","GO","5208","MACRORREGIAO CENTRO-OESTE",2578,2016-08-01
"325","GO","5210","MACRORREGIAO CENTRO SUDESTE",1587,2016-08-01
"326","GO","5206","MACRORREGIAO SUDOESTE",782,2016-07-01
"327","GO","5207","MACRORREGIAO NORDESTE",1546,2016-07-01
"328","GO","5208","MACRORREGIAO CENTRO-OESTE",2630,2016-07-01
"329","GO","5210","MACRORREGIAO CENTRO SUDESTE",1673,2016-07-01
"330","GO","5209","MACRORREGIAO CENTRO-NORTE",1294,2016-07-01
"331","GO","5206","MACRORREGIAO SUDOESTE",869,2016-06-01
"332","GO","5207","MACRORREGIAO NORDESTE",1560,2016-06-01
"333","GO","5210","MACRORREGIAO CENTRO SUDESTE",1700,2016-06-01
"334","GO","5209","MACRORREGIAO CENTRO-NORTE",1286,2016-06-01
"335","GO","5208","MACRORREGIAO CENTRO-OESTE",2735,2016-06-01
"336","GO","5209","MACRORREGIAO CENTRO-NORTE",1435,2016-05-01
"337","GO","5208","MACRORREGIAO CENTRO-OESTE",2961,2016-05-01
"338","GO","5207","MACRORREGIAO NORDESTE",1664,2016-05-01
"339","GO","5206","MACRORREGIAO SUDOESTE",872,2016-05-01
"340","GO","5210","MACRORREGIAO CENTRO SUDESTE",1869,2016-05-01
"341","GO","5210","MACRORREGIAO CENTRO SUDESTE",1847,2016-04-01
"342","GO","5209","MACRORREGIAO CENTRO-NORTE",1359,2016-04-01
"343","GO","5208","MACRORREGIAO CENTRO-OESTE",2863,2016-04-01
"344","GO","5207","MACRORREGIAO NORDESTE",1603,2016-04-01
"345","GO","5206","MACRORREGIAO SUDOESTE",844,2016-04-01
"346","GO","5208","MACRORREGIAO CENTRO-OESTE",3050,2016-03-01
"347","GO","5209","MACRORREGIAO CENTRO-NORTE",1444,2016-03-01
"348","GO","5207","MACRORREGIAO NORDESTE",1736,2016-03-01
"349","GO","5210","MACRORREGIAO CENTRO SUDESTE",1937,2016-03-01
"350","GO","5206","MACRORREGIAO SUDOESTE",916,2016-03-01
"351","GO","5210","MACRORREGIAO CENTRO SUDESTE",1762,2016-02-01
"352","GO","5207","MACRORREGIAO NORDESTE",1534,2016-02-01
"353","GO","5206","MACRORREGIAO SUDOESTE",823,2016-02-01
"354","GO","5209","MACRORREGIAO CENTRO-NORTE",1282,2016-02-01
"355","GO","5208","MACRORREGIAO CENTRO-OESTE",2700,2016-02-01
"356","GO","5209","MACRORREGIAO CENTRO-NORTE",1310,2016-01-01
"357","GO","5208","MACRORREGIAO CENTRO-OESTE",2614,2016-01-01
"358","GO","5210","MACRORREGIAO CENTRO SUDESTE",1687,2016-01-01
"359","GO","5207","MACRORREGIAO NORDESTE",1590,2016-01-01
"360","GO","5206","MACRORREGIAO SUDOESTE",788,2016-01-01
"361","GO","5206","MACRORREGIAO SUDOESTE",835,2015-12-01
"362","GO","5207","MACRORREGIAO NORDESTE",1583,2015-12-01
"363","GO","5208","MACRORREGIAO CENTRO-OESTE",2747,2015-12-01
"364","GO","5210","MACRORREGIAO CENTRO SUDESTE",1792,2015-12-01
"365","GO","5209","MACRORREGIAO CENTRO-NORTE",1429,2015-12-01
"366","GO","5209","MACRORREGIAO CENTRO-NORTE",1321,2015-11-01
"367","GO","5207","MACRORREGIAO NORDESTE",1590,2015-11-01
"368","GO","5206","MACRORREGIAO SUDOESTE",749,2015-11-01
"369","GO","5210","MACRORREGIAO CENTRO SUDESTE",1691,2015-11-01
"370","GO","5208","MACRORREGIAO CENTRO-OESTE",2572,2015-11-01
"371","GO","5208","MACRORREGIAO CENTRO-OESTE",2764,2015-10-01
"372","GO","5206","MACRORREGIAO SUDOESTE",775,2015-10-01
"373","GO","5210","MACRORREGIAO CENTRO SUDESTE",1633,2015-10-01
"374","GO","5209","MACRORREGIAO CENTRO-NORTE",1300,2015-10-01
"375","GO","5207","MACRORREGIAO NORDESTE",1550,2015-10-01
"376","GO","5206","MACRORREGIAO SUDOESTE",801,2015-09-01
"377","GO","5208","MACRORREGIAO CENTRO-OESTE",2839,2015-09-01
"378","GO","5209","MACRORREGIAO CENTRO-NORTE",1433,2015-09-01
"379","GO","5207","MACRORREGIAO NORDESTE",1700,2015-09-01
"380","GO","5210","MACRORREGIAO CENTRO SUDESTE",1738,2015-09-01
"381","GO","5208","MACRORREGIAO CENTRO-OESTE",2760,2015-08-01
"382","GO","5206","MACRORREGIAO SUDOESTE",829,2015-08-01
"383","GO","5209","MACRORREGIAO CENTRO-NORTE",1299,2015-08-01
"384","GO","5210","MACRORREGIAO CENTRO SUDESTE",1743,2015-08-01
"385","GO","5207","MACRORREGIAO NORDESTE",1668,2015-08-01
"386","GO","5209","MACRORREGIAO CENTRO-NORTE",1357,2015-07-01
"387","GO","5207","MACRORREGIAO NORDESTE",1597,2015-07-01
"388","GO","5210","MACRORREGIAO CENTRO SUDESTE",1764,2015-07-01
"389","GO","5206","MACRORREGIAO SUDOESTE",801,2015-07-01
"390","GO","5208","MACRORREGIAO CENTRO-OESTE",2800,2015-07-01
"391","GO","5206","MACRORREGIAO SUDOESTE",769,2015-06-01
"392","GO","5210","MACRORREGIAO CENTRO SUDESTE",1742,2015-06-01
"393","GO","5209","MACRORREGIAO CENTRO-NORTE",1297,2015-06-01
"394","GO","5207","MACRORREGIAO NORDESTE",1741,2015-06-01
"395","GO","5208","MACRORREGIAO CENTRO-OESTE",2699,2015-06-01
"396","GO","5206","MACRORREGIAO SUDOESTE",850,2015-05-01
"397","GO","5209","MACRORREGIAO CENTRO-NORTE",1416,2015-05-01
"398","GO","5208","MACRORREGIAO CENTRO-OESTE",2913,2015-05-01
"399","GO","5210","MACRORREGIAO CENTRO SUDESTE",1857,2015-05-01
"400","GO","5207","MACRORREGIAO NORDESTE",1787,2015-05-01
"401","GO","5206","MACRORREGIAO SUDOESTE",866,2015-04-01
"402","GO","5210","MACRORREGIAO CENTRO SUDESTE",1891,2015-04-01
"403","GO","5209","MACRORREGIAO CENTRO-NORTE",1428,2015-04-01
"404","GO","5208","MACRORREGIAO CENTRO-OESTE",3070,2015-04-01
"405","GO","5207","MACRORREGIAO NORDESTE",1670,2015-04-01
"406","GO","5210","MACRORREGIAO CENTRO SUDESTE",1957,2015-03-01
"407","GO","5206","MACRORREGIAO SUDOESTE",909,2015-03-01
"408","GO","5209","MACRORREGIAO CENTRO-NORTE",1442,2015-03-01
"409","GO","5207","MACRORREGIAO NORDESTE",1802,2015-03-01
"410","GO","5208","MACRORREGIAO CENTRO-OESTE",3082,2015-03-01
"411","GO","5210","MACRORREGIAO CENTRO SUDESTE",1630,2015-02-01
"412","GO","5207","MACRORREGIAO NORDESTE",1499,2015-02-01
"413","GO","5208","MACRORREGIAO CENTRO-OESTE",2638,2015-02-01
"414","GO","5209","MACRORREGIAO CENTRO-NORTE",1231,2015-02-01
"415","GO","5206","MACRORREGIAO SUDOESTE",818,2015-02-01
"416","GO","5209","MACRORREGIAO CENTRO-NORTE",1246,2015-01-01
"417","GO","5207","MACRORREGIAO NORDESTE",1604,2015-01-01
"418","GO","5206","MACRORREGIAO SUDOESTE",845,2015-01-01
"419","GO","5208","MACRORREGIAO CENTRO-OESTE",2728,2015-01-01
"420","GO","5210","MACRORREGIAO CENTRO SUDESTE",1780,2015-01-01
"421","GO","5206","MACRORREGIAO SUDOESTE",814,2014-12-01
"422","GO","5210","MACRORREGIAO CENTRO SUDESTE",1686,2014-12-01
"423","GO","5207","MACRORREGIAO NORDESTE",1691,2014-12-01
"424","GO","5209","MACRORREGIAO CENTRO-NORTE",1266,2014-12-01
"425","GO","5208","MACRORREGIAO CENTRO-OESTE",2829,2014-12-01
"426","GO","5209","MACRORREGIAO CENTRO-NORTE",1215,2014-11-01
"427","GO","5208","MACRORREGIAO CENTRO-OESTE",2658,2014-11-01
"428","GO","5207","MACRORREGIAO NORDESTE",1613,2014-11-01
"429","GO","5206","MACRORREGIAO SUDOESTE",790,2014-11-01
"430","GO","5210","MACRORREGIAO CENTRO SUDESTE",1646,2014-11-01
"431","GO","5210","MACRORREGIAO CENTRO SUDESTE",1709,2014-10-01
"432","GO","5206","MACRORREGIAO SUDOESTE",857,2014-10-01
"433","GO","5207","MACRORREGIAO NORDESTE",1607,2014-10-01
"434","GO","5208","MACRORREGIAO CENTRO-OESTE",2830,2014-10-01
"435","GO","5209","MACRORREGIAO CENTRO-NORTE",1282,2014-10-01
"436","GO","5207","MACRORREGIAO NORDESTE",1585,2014-09-01
"437","GO","5209","MACRORREGIAO CENTRO-NORTE",1279,2014-09-01
"438","GO","5210","MACRORREGIAO CENTRO SUDESTE",1786,2014-09-01
"439","GO","5208","MACRORREGIAO CENTRO-OESTE",2917,2014-09-01
"440","GO","5206","MACRORREGIAO SUDOESTE",792,2014-09-01
"441","GO","5207","MACRORREGIAO NORDESTE",1654,2014-08-01
"442","GO","5208","MACRORREGIAO CENTRO-OESTE",2663,2014-08-01
"443","GO","5209","MACRORREGIAO CENTRO-NORTE",1332,2014-08-01
"444","GO","5210","MACRORREGIAO CENTRO SUDESTE",1634,2014-08-01
"445","GO","5206","MACRORREGIAO SUDOESTE",772,2014-08-01
"446","GO","5209","MACRORREGIAO CENTRO-NORTE",1335,2014-07-01
"447","GO","5206","MACRORREGIAO SUDOESTE",880,2014-07-01
"448","GO","5207","MACRORREGIAO NORDESTE",1566,2014-07-01
"449","GO","5210","MACRORREGIAO CENTRO SUDESTE",1809,2014-07-01
"450","GO","5208","MACRORREGIAO CENTRO-OESTE",2873,2014-07-01
"451","GO","5210","MACRORREGIAO CENTRO SUDESTE",1646,2014-06-01
"452","GO","5208","MACRORREGIAO CENTRO-OESTE",2813,2014-06-01
"453","GO","5206","MACRORREGIAO SUDOESTE",847,2014-06-01
"454","GO","5209","MACRORREGIAO CENTRO-NORTE",1288,2014-06-01
"455","GO","5207","MACRORREGIAO NORDESTE",1651,2014-06-01
"456","GO","5210","MACRORREGIAO CENTRO SUDESTE",1898,2014-05-01
"457","GO","5206","MACRORREGIAO SUDOESTE",898,2014-05-01
"458","GO","5207","MACRORREGIAO NORDESTE",1674,2014-05-01
"459","GO","5209","MACRORREGIAO CENTRO-NORTE",1426,2014-05-01
"460","GO","5208","MACRORREGIAO CENTRO-OESTE",2912,2014-05-01
"461","GO","5210","MACRORREGIAO CENTRO SUDESTE",1782,2014-04-01
"462","GO","5207","MACRORREGIAO NORDESTE",1687,2014-04-01
"463","GO","5206","MACRORREGIAO SUDOESTE",875,2014-04-01
"464","GO","5209","MACRORREGIAO CENTRO-NORTE",1327,2014-04-01
"465","GO","5208","MACRORREGIAO CENTRO-OESTE",2868,2014-04-01
"466","GO","5206","MACRORREGIAO SUDOESTE",835,2014-03-01
"467","GO","5207","MACRORREGIAO NORDESTE",1739,2014-03-01
"468","GO","5208","MACRORREGIAO CENTRO-OESTE",2851,2014-03-01
"469","GO","5209","MACRORREGIAO CENTRO-NORTE",1357,2014-03-01
"470","GO","5210","MACRORREGIAO CENTRO SUDESTE",1841,2014-03-01
"471","GO","5210","MACRORREGIAO CENTRO SUDESTE",1760,2014-02-01
"472","GO","5206","MACRORREGIAO SUDOESTE",826,2014-02-01
"473","GO","5208","MACRORREGIAO CENTRO-OESTE",2612,2014-02-01
"474","GO","5209","MACRORREGIAO CENTRO-NORTE",1289,2014-02-01
"475","GO","5207","MACRORREGIAO NORDESTE",1524,2014-02-01
"476","GO","5207","MACRORREGIAO NORDESTE",1668,2014-01-01
"477","GO","5210","MACRORREGIAO CENTRO SUDESTE",1657,2014-01-01
"478","GO","5206","MACRORREGIAO SUDOESTE",832,2014-01-01
"479","GO","5209","MACRORREGIAO CENTRO-NORTE",1294,2014-01-01
"480","GO","5208","MACRORREGIAO CENTRO-OESTE",2740,2014-01-01
"481","GO","5209","MACRORREGIAO CENTRO-NORTE",1210,2013-12-01
"482","GO","5206","MACRORREGIAO SUDOESTE",723,2013-12-01
"483","GO","5208","MACRORREGIAO CENTRO-OESTE",2613,2013-12-01
"484","GO","5207","MACRORREGIAO NORDESTE",1523,2013-12-01
"485","GO","5210","MACRORREGIAO CENTRO SUDESTE",1652,2013-12-01
"486","GO","5208","MACRORREGIAO CENTRO-OESTE",2522,2013-11-01
"487","GO","5207","MACRORREGIAO NORDESTE",1544,2013-11-01
"488","GO","5206","MACRORREGIAO SUDOESTE",800,2013-11-01
"489","GO","5210","MACRORREGIAO CENTRO SUDESTE",1554,2013-11-01
"490","GO","5209","MACRORREGIAO CENTRO-NORTE",1126,2013-11-01
"491","GO","5208","MACRORREGIAO CENTRO-OESTE",2734,2013-10-01
"492","GO","5207","MACRORREGIAO NORDESTE",1603,2013-10-01
"493","GO","5206","MACRORREGIAO SUDOESTE",770,2013-10-01
"494","GO","5210","MACRORREGIAO CENTRO SUDESTE",1552,2013-10-01
"495","GO","5209","MACRORREGIAO CENTRO-NORTE",1295,2013-10-01
"496","GO","5209","MACRORREGIAO CENTRO-NORTE",1333,2013-09-01
"497","GO","5208","MACRORREGIAO CENTRO-OESTE",2591,2013-09-01
"498","GO","5210","MACRORREGIAO CENTRO SUDESTE",1630,2013-09-01
"499","GO","5207","MACRORREGIAO NORDESTE",1533,2013-09-01
"500","GO","5206","MACRORREGIAO SUDOESTE",755,2013-09-01
"501","GO","5209","MACRORREGIAO CENTRO-NORTE",1233,2013-08-01
"502","GO","5210","MACRORREGIAO CENTRO SUDESTE",1481,2013-08-01
"503","GO","5206","MACRORREGIAO SUDOESTE",788,2013-08-01
"504","GO","5208","MACRORREGIAO CENTRO-OESTE",2642,2013-08-01
"505","GO","5207","MACRORREGIAO NORDESTE",1514,2013-08-01
"506","GO","5210","MACRORREGIAO CENTRO SUDESTE",1663,2013-07-01
"507","GO","5207","MACRORREGIAO NORDESTE",1630,2013-07-01
"508","GO","5208","MACRORREGIAO CENTRO-OESTE",2603,2013-07-01
"509","GO","5206","MACRORREGIAO SUDOESTE",779,2013-07-01
"510","GO","5209","MACRORREGIAO CENTRO-NORTE",1239,2013-07-01
"511","GO","5206","MACRORREGIAO SUDOESTE",768,2013-06-01
"512","GO","5210","MACRORREGIAO CENTRO SUDESTE",1663,2013-06-01
"513","GO","5208","MACRORREGIAO CENTRO-OESTE",2591,2013-06-01
"514","GO","5209","MACRORREGIAO CENTRO-NORTE",1238,2013-06-01
"515","GO","5207","MACRORREGIAO NORDESTE",1533,2013-06-01
"516","GO","5207","MACRORREGIAO NORDESTE",1651,2013-05-01
"517","GO","5208","MACRORREGIAO CENTRO-OESTE",2878,2013-05-01
"518","GO","5210","MACRORREGIAO CENTRO SUDESTE",1806,2013-05-01
"519","GO","5209","MACRORREGIAO CENTRO-NORTE",1304,2013-05-01
"520","GO","5206","MACRORREGIAO SUDOESTE",871,2013-05-01
"521","GO","5208","MACRORREGIAO CENTRO-OESTE",2833,2013-04-01
"522","GO","5209","MACRORREGIAO CENTRO-NORTE",1261,2013-04-01
"523","GO","5207","MACRORREGIAO NORDESTE",1670,2013-04-01
"524","GO","5206","MACRORREGIAO SUDOESTE",836,2013-04-01
"525","GO","5210","MACRORREGIAO CENTRO SUDESTE",1757,2013-04-01
"526","GO","5206","MACRORREGIAO SUDOESTE",795,2013-03-01
"527","GO","5208","MACRORREGIAO CENTRO-OESTE",2878,2013-03-01
"528","GO","5209","MACRORREGIAO CENTRO-NORTE",1219,2013-03-01
"529","GO","5210","MACRORREGIAO CENTRO SUDESTE",1776,2013-03-01
"530","GO","5207","MACRORREGIAO NORDESTE",1601,2013-03-01
"531","GO","5208","MACRORREGIAO CENTRO-OESTE",2525,2013-02-01
"532","GO","5206","MACRORREGIAO SUDOESTE",737,2013-02-01
"533","GO","5209","MACRORREGIAO CENTRO-NORTE",1098,2013-02-01
"534","GO","5210","MACRORREGIAO CENTRO SUDESTE",1619,2013-02-01
"535","GO","5207","MACRORREGIAO NORDESTE",1472,2013-02-01
"536","GO","5209","MACRORREGIAO CENTRO-NORTE",1215,2013-01-01
"537","GO","5208","MACRORREGIAO CENTRO-OESTE",2663,2013-01-01
"538","GO","5206","MACRORREGIAO SUDOESTE",787,2013-01-01
"539","GO","5210","MACRORREGIAO CENTRO SUDESTE",1622,2013-01-01
"540","GO","5207","MACRORREGIAO NORDESTE",1509,2013-01-01
"541","GO","5208","MACRORREGIAO CENTRO-OESTE",2638,2012-12-01
"542","GO","5210","MACRORREGIAO CENTRO SUDESTE",1547,2012-12-01
"543","GO","5207","MACRORREGIAO NORDESTE",1506,2012-12-01
"544","GO","5209","MACRORREGIAO CENTRO-NORTE",1164,2012-12-01
"545","GO","5206","MACRORREGIAO SUDOESTE",697,2012-12-01
"546","GO","5209","MACRORREGIAO CENTRO-NORTE",1153,2012-11-01
"547","GO","5207","MACRORREGIAO NORDESTE",1473,2012-11-01
"548","GO","5208","MACRORREGIAO CENTRO-OESTE",2540,2012-11-01
"549","GO","5206","MACRORREGIAO SUDOESTE",700,2012-11-01
"550","GO","5210","MACRORREGIAO CENTRO SUDESTE",1625,2012-11-01
"551","GO","5209","MACRORREGIAO CENTRO-NORTE",1280,2012-10-01
"552","GO","5207","MACRORREGIAO NORDESTE",1560,2012-10-01
"553","GO","5208","MACRORREGIAO CENTRO-OESTE",2702,2012-10-01
"554","GO","5210","MACRORREGIAO CENTRO SUDESTE",1685,2012-10-01
"555","GO","5206","MACRORREGIAO SUDOESTE",780,2012-10-01
"556","GO","5206","MACRORREGIAO SUDOESTE",684,2012-09-01
"557","GO","5208","MACRORREGIAO CENTRO-OESTE",2468,2012-09-01
"558","GO","5210","MACRORREGIAO CENTRO SUDESTE",1582,2012-09-01
"559","GO","5207","MACRORREGIAO NORDESTE",1491,2012-09-01
"560","GO","5209","MACRORREGIAO CENTRO-NORTE",1239,2012-09-01
"561","GO","5209","MACRORREGIAO CENTRO-NORTE",1283,2012-08-01
"562","GO","5210","MACRORREGIAO CENTRO SUDESTE",1552,2012-08-01
"563","GO","5207","MACRORREGIAO NORDESTE",1520,2012-08-01
"564","GO","5206","MACRORREGIAO SUDOESTE",768,2012-08-01
"565","GO","5208","MACRORREGIAO CENTRO-OESTE",2644,2012-08-01
"566","GO","5209","MACRORREGIAO CENTRO-NORTE",1162,2012-07-01
"567","GO","5208","MACRORREGIAO CENTRO-OESTE",2582,2012-07-01
"568","GO","5207","MACRORREGIAO NORDESTE",1650,2012-07-01
"569","GO","5210","MACRORREGIAO CENTRO SUDESTE",1619,2012-07-01
"570","GO","5206","MACRORREGIAO SUDOESTE",761,2012-07-01
"571","GO","5210","MACRORREGIAO CENTRO SUDESTE",1553,2012-06-01
"572","GO","5207","MACRORREGIAO NORDESTE",1525,2012-06-01
"573","GO","5208","MACRORREGIAO CENTRO-OESTE",2506,2012-06-01
"574","GO","5209","MACRORREGIAO CENTRO-NORTE",1206,2012-06-01
"575","GO","5206","MACRORREGIAO SUDOESTE",761,2012-06-01
"576","GO","5209","MACRORREGIAO CENTRO-NORTE",1355,2012-05-01
"577","GO","5210","MACRORREGIAO CENTRO SUDESTE",1773,2012-05-01
"578","GO","5208","MACRORREGIAO CENTRO-OESTE",2676,2012-05-01
"579","GO","5207","MACRORREGIAO NORDESTE",1548,2012-05-01
"580","GO","5206","MACRORREGIAO SUDOESTE",838,2012-05-01
"581","GO","5206","MACRORREGIAO SUDOESTE",777,2012-04-01
"582","GO","5209","MACRORREGIAO CENTRO-NORTE",1244,2012-04-01
"583","GO","5208","MACRORREGIAO CENTRO-OESTE",2641,2012-04-01
"584","GO","5207","MACRORREGIAO NORDESTE",1526,2012-04-01
"585","GO","5210","MACRORREGIAO CENTRO SUDESTE",1688,2012-04-01
"586","GO","5206","MACRORREGIAO SUDOESTE",825,2012-03-01
"587","GO","5207","MACRORREGIAO NORDESTE",1693,2012-03-01
"588","GO","5210","MACRORREGIAO CENTRO SUDESTE",1776,2012-03-01
"589","GO","5208","MACRORREGIAO CENTRO-OESTE",2835,2012-03-01
"590","GO","5209","MACRORREGIAO CENTRO-NORTE",1375,2012-03-01
"591","GO","5209","MACRORREGIAO CENTRO-NORTE",1135,2012-02-01
"592","GO","5210","MACRORREGIAO CENTRO SUDESTE",1576,2012-02-01
"593","GO","5206","MACRORREGIAO SUDOESTE",688,2012-02-01
"594","GO","5207","MACRORREGIAO NORDESTE",1557,2012-02-01
"595","GO","5208","MACRORREGIAO CENTRO-OESTE",2592,2012-02-01
"596","GO","5208","MACRORREGIAO CENTRO-OESTE",2483,2012-01-01
"597","GO","5210","MACRORREGIAO CENTRO SUDESTE",1558,2012-01-01
"598","GO","5207","MACRORREGIAO NORDESTE",1514,2012-01-01
"599","GO","5209","MACRORREGIAO CENTRO-NORTE",1251,2012-01-01
"600","GO","5206","MACRORREGIAO SUDOESTE",735,2012-01-01
"601","GO","5206","MACRORREGIAO SUDOESTE",691,2011-12-01
"602","GO","5208","MACRORREGIAO CENTRO-OESTE",2313,2011-12-01
"603","GO","5210","MACRORREGIAO CENTRO SUDESTE",1481,2011-12-01
"604","GO","5209","MACRORREGIAO CENTRO-NORTE",1111,2011-12-01
"605","GO","5207","MACRORREGIAO NORDESTE",1424,2011-12-01
"606","GO","5210","MACRORREGIAO CENTRO SUDESTE",1368,2011-11-01
"607","GO","5206","MACRORREGIAO SUDOESTE",644,2011-11-01
"608","GO","5209","MACRORREGIAO CENTRO-NORTE",1070,2011-11-01
"609","GO","5207","MACRORREGIAO NORDESTE",1473,2011-11-01
"610","GO","5208","MACRORREGIAO CENTRO-OESTE",2387,2011-11-01
"611","GO","5207","MACRORREGIAO NORDESTE",1429,2011-10-01
"612","GO","5208","MACRORREGIAO CENTRO-OESTE",2461,2011-10-01
"613","GO","5210","MACRORREGIAO CENTRO SUDESTE",1471,2011-10-01
"614","GO","5206","MACRORREGIAO SUDOESTE",652,2011-10-01
"615","GO","5209","MACRORREGIAO CENTRO-NORTE",1099,2011-10-01
"616","GO","5209","MACRORREGIAO CENTRO-NORTE",1154,2011-09-01
"617","GO","5210","MACRORREGIAO CENTRO SUDESTE",1436,2011-09-01
"618","GO","5207","MACRORREGIAO NORDESTE",1422,2011-09-01
"619","GO","5206","MACRORREGIAO SUDOESTE",651,2011-09-01
"620","GO","5208","MACRORREGIAO CENTRO-OESTE",2418,2011-09-01
"621","GO","5207","MACRORREGIAO NORDESTE",1504,2011-08-01
"622","GO","5210","MACRORREGIAO CENTRO SUDESTE",1530,2011-08-01
"623","GO","5208","MACRORREGIAO CENTRO-OESTE",2443,2011-08-01
"624","GO","5209","MACRORREGIAO CENTRO-NORTE",1192,2011-08-01
"625","GO","5206","MACRORREGIAO SUDOESTE",711,2011-08-01
"626","GO","5208","MACRORREGIAO CENTRO-OESTE",2364,2011-07-01
"627","GO","5206","MACRORREGIAO SUDOESTE",744,2011-07-01
"628","GO","5207","MACRORREGIAO NORDESTE",1565,2011-07-01
"629","GO","5209","MACRORREGIAO CENTRO-NORTE",1212,2011-07-01
"630","GO","5210","MACRORREGIAO CENTRO SUDESTE",1493,2011-07-01
"631","GO","5206","MACRORREGIAO SUDOESTE",716,2011-06-01
"632","GO","5207","MACRORREGIAO NORDESTE",1526,2011-06-01
"633","GO","5209","MACRORREGIAO CENTRO-NORTE",1217,2011-06-01
"634","GO","5210","MACRORREGIAO CENTRO SUDESTE",1606,2011-06-01
"635","GO","5208","MACRORREGIAO CENTRO-OESTE",2471,2011-06-01
"636","GO","5208","MACRORREGIAO CENTRO-OESTE",2690,2011-05-01
"637","GO","5209","MACRORREGIAO CENTRO-NORTE",1190,2011-05-01
"638","GO","5207","MACRORREGIAO NORDESTE",1595,2011-05-01
"639","GO","5210","MACRORREGIAO CENTRO SUDESTE",1609,2011-05-01
"640","GO","5206","MACRORREGIAO SUDOESTE",799,2011-05-01
"641","GO","5206","MACRORREGIAO SUDOESTE",794,2011-04-01
"642","GO","5210","MACRORREGIAO CENTRO SUDESTE",1670,2011-04-01
"643","GO","5207","MACRORREGIAO NORDESTE",1617,2011-04-01
"644","GO","5208","MACRORREGIAO CENTRO-OESTE",2743,2011-04-01
"645","GO","5209","MACRORREGIAO CENTRO-NORTE",980,2011-04-01
"646","GO","5206","MACRORREGIAO SUDOESTE",842,2011-03-01
"647","GO","5210","MACRORREGIAO CENTRO SUDESTE",1820,2011-03-01
"648","GO","5207","MACRORREGIAO NORDESTE",1671,2011-03-01
"649","GO","5209","MACRORREGIAO CENTRO-NORTE",1360,2011-03-01
"650","GO","5208","MACRORREGIAO CENTRO-OESTE",2837,2011-03-01
"651","GO","5206","MACRORREGIAO SUDOESTE",685,2011-02-01
"652","GO","5207","MACRORREGIAO NORDESTE",1379,2011-02-01
"653","GO","5209","MACRORREGIAO CENTRO-NORTE",1186,2011-02-01
"654","GO","5208","MACRORREGIAO CENTRO-OESTE",2463,2011-02-01
"655","GO","5210","MACRORREGIAO CENTRO SUDESTE",1598,2011-02-01
"656","GO","5208","MACRORREGIAO CENTRO-OESTE",2673,2011-01-01
"657","GO","5206","MACRORREGIAO SUDOESTE",692,2011-01-01
"658","GO","5210","MACRORREGIAO CENTRO SUDESTE",1634,2011-01-01
"659","GO","5209","MACRORREGIAO CENTRO-NORTE",1200,2011-01-01
"660","GO","5207","MACRORREGIAO NORDESTE",1560,2011-01-01
"661","GO","5207","MACRORREGIAO NORDESTE",1413,2010-12-01
"662","GO","5209","MACRORREGIAO CENTRO-NORTE",1173,2010-12-01
"663","GO","5210","MACRORREGIAO CENTRO SUDESTE",1462,2010-12-01
"664","GO","5208","MACRORREGIAO CENTRO-OESTE",2331,2010-12-01
"665","GO","5206","MACRORREGIAO SUDOESTE",736,2010-12-01
"666","GO","5206","MACRORREGIAO SUDOESTE",673,2010-11-01
"667","GO","5209","MACRORREGIAO CENTRO-NORTE",1103,2010-11-01
"668","GO","5210","MACRORREGIAO CENTRO SUDESTE",1411,2010-11-01
"669","GO","5207","MACRORREGIAO NORDESTE",1391,2010-11-01
"670","GO","5208","MACRORREGIAO CENTRO-OESTE",2200,2010-11-01
"671","GO","5209","MACRORREGIAO CENTRO-NORTE",1178,2010-10-01
"672","GO","5206","MACRORREGIAO SUDOESTE",687,2010-10-01
"673","GO","5210","MACRORREGIAO CENTRO SUDESTE",1516,2010-10-01
"674","GO","5208","MACRORREGIAO CENTRO-OESTE",2343,2010-10-01
"675","GO","5207","MACRORREGIAO NORDESTE",1446,2010-10-01
"676","GO","5209","MACRORREGIAO CENTRO-NORTE",1161,2010-09-01
"677","GO","5206","MACRORREGIAO SUDOESTE",710,2010-09-01
"678","GO","5207","MACRORREGIAO NORDESTE",1427,2010-09-01
"679","GO","5208","MACRORREGIAO CENTRO-OESTE",2441,2010-09-01
"680","GO","5210","MACRORREGIAO CENTRO SUDESTE",1625,2010-09-01
"681","GO","5210","MACRORREGIAO CENTRO SUDESTE",1412,2010-08-01
"682","GO","5208","MACRORREGIAO CENTRO-OESTE",2362,2010-08-01
"683","GO","5207","MACRORREGIAO NORDESTE",1388,2010-08-01
"684","GO","5206","MACRORREGIAO SUDOESTE",648,2010-08-01
"685","GO","5209","MACRORREGIAO CENTRO-NORTE",1178,2010-08-01
"686","GO","5207","MACRORREGIAO NORDESTE",1446,2010-07-01
"687","GO","5206","MACRORREGIAO SUDOESTE",755,2010-07-01
"688","GO","5210","MACRORREGIAO CENTRO SUDESTE",1494,2010-07-01
"689","GO","5209","MACRORREGIAO CENTRO-NORTE",1166,2010-07-01
"690","GO","5208","MACRORREGIAO CENTRO-OESTE",2415,2010-07-01
"691","GO","5210","MACRORREGIAO CENTRO SUDESTE",1505,2010-06-01
"692","GO","5209","MACRORREGIAO CENTRO-NORTE",1167,2010-06-01
"693","GO","5207","MACRORREGIAO NORDESTE",1386,2010-06-01
"694","GO","5206","MACRORREGIAO SUDOESTE",691,2010-06-01
"695","GO","5208","MACRORREGIAO CENTRO-OESTE",2369,2010-06-01
"696","GO","5207","MACRORREGIAO NORDESTE",1469,2010-05-01
"697","GO","5208","MACRORREGIAO CENTRO-OESTE",2543,2010-05-01
"698","GO","5209","MACRORREGIAO CENTRO-NORTE",1169,2010-05-01
"699","GO","5206","MACRORREGIAO SUDOESTE",735,2010-05-01
"700","GO","5210","MACRORREGIAO CENTRO SUDESTE",1554,2010-05-01
"701","GO","5206","MACRORREGIAO SUDOESTE",812,2010-04-01
"702","GO","5210","MACRORREGIAO CENTRO SUDESTE",1598,2010-04-01
"703","GO","5208","MACRORREGIAO CENTRO-OESTE",2515,2010-04-01
"704","GO","5209","MACRORREGIAO CENTRO-NORTE",1248,2010-04-01
"705","GO","5207","MACRORREGIAO NORDESTE",1504,2010-04-01
"706","GO","5207","MACRORREGIAO NORDESTE",1583,2010-03-01
"707","GO","5206","MACRORREGIAO SUDOESTE",818,2010-03-01
"708","GO","5209","MACRORREGIAO CENTRO-NORTE",1358,2010-03-01
"709","GO","5208","MACRORREGIAO CENTRO-OESTE",2774,2010-03-01
"710","GO","5210","MACRORREGIAO CENTRO SUDESTE",1710,2010-03-01
"711","GO","5206","MACRORREGIAO SUDOESTE",733,2010-02-01
"712","GO","5207","MACRORREGIAO NORDESTE",1326,2010-02-01
"713","GO","5208","MACRORREGIAO CENTRO-OESTE",2419,2010-02-01
"714","GO","5210","MACRORREGIAO CENTRO SUDESTE",1427,2010-02-01
"715","GO","5209","MACRORREGIAO CENTRO-NORTE",1121,2010-02-01
"716","GO","5210","MACRORREGIAO CENTRO SUDESTE",1533,2010-01-01
"717","GO","5207","MACRORREGIAO NORDESTE",1437,2010-01-01
"718","GO","5209","MACRORREGIAO CENTRO-NORTE",1166,2010-01-01
"719","GO","5208","MACRORREGIAO CENTRO-OESTE",2409,2010-01-01
"720","GO","5206","MACRORREGIAO SUDOESTE",697,2010-01-01
"721","GO","5206","MACRORREGIAO SUDOESTE",642,2009-12-01
"722","GO","5208","MACRORREGIAO CENTRO-OESTE",2395,2009-12-01
"723","GO","5210","MACRORREGIAO CENTRO SUDESTE",1516,2009-12-01
"724","GO","5207","MACRORREGIAO NORDESTE",1334,2009-12-01
"725","GO","5209","MACRORREGIAO CENTRO-NORTE",1182,2009-12-01
"726","GO","5208","MACRORREGIAO CENTRO-OESTE",2266,2009-11-01
"727","GO","5206","MACRORREGIAO SUDOESTE",622,2009-11-01
"728","GO","5210","MACRORREGIAO CENTRO SUDESTE",1471,2009-11-01
"729","GO","5207","MACRORREGIAO NORDESTE",1377,2009-11-01
"730","GO","5209","MACRORREGIAO CENTRO-NORTE",1164,2009-11-01
"731","GO","5207","MACRORREGIAO NORDESTE",1409,2009-10-01
"732","GO","5209","MACRORREGIAO CENTRO-NORTE",1232,2009-10-01
"733","GO","5208","MACRORREGIAO CENTRO-OESTE",2376,2009-10-01
"734","GO","5206","MACRORREGIAO SUDOESTE",711,2009-10-01
"735","GO","5210","MACRORREGIAO CENTRO SUDESTE",1573,2009-10-01
"736","GO","5208","MACRORREGIAO CENTRO-OESTE",2506,2009-09-01
"737","GO","5207","MACRORREGIAO NORDESTE",1443,2009-09-01
"738","GO","5209","MACRORREGIAO CENTRO-NORTE",1236,2009-09-01
"739","GO","5206","MACRORREGIAO SUDOESTE",712,2009-09-01
"740","GO","5210","MACRORREGIAO CENTRO SUDESTE",1544,2009-09-01
"741","GO","5208","MACRORREGIAO CENTRO-OESTE",2318,2009-08-01
"742","GO","5206","MACRORREGIAO SUDOESTE",593,2009-08-01
"743","GO","5209","MACRORREGIAO CENTRO-NORTE",1164,2009-08-01
"744","GO","5207","MACRORREGIAO NORDESTE",1370,2009-08-01
"745","GO","5210","MACRORREGIAO CENTRO SUDESTE",1458,2009-08-01
"746","GO","5207","MACRORREGIAO NORDESTE",1437,2009-07-01
"747","GO","5210","MACRORREGIAO CENTRO SUDESTE",1558,2009-07-01
"748","GO","5208","MACRORREGIAO CENTRO-OESTE",2405,2009-07-01
"749","GO","5209","MACRORREGIAO CENTRO-NORTE",1134,2009-07-01
"750","GO","5206","MACRORREGIAO SUDOESTE",660,2009-07-01
"751","GO","5207","MACRORREGIAO NORDESTE",1393,2009-06-01
"752","GO","5208","MACRORREGIAO CENTRO-OESTE",2279,2009-06-01
"753","GO","5210","MACRORREGIAO CENTRO SUDESTE",1426,2009-06-01
"754","GO","5206","MACRORREGIAO SUDOESTE",692,2009-06-01
"755","GO","5209","MACRORREGIAO CENTRO-NORTE",1159,2009-06-01
"756","GO","5208","MACRORREGIAO CENTRO-OESTE",2416,2009-05-01
"757","GO","5210","MACRORREGIAO CENTRO SUDESTE",1458,2009-05-01
"758","GO","5206","MACRORREGIAO SUDOESTE",712,2009-05-01
"759","GO","5209","MACRORREGIAO CENTRO-NORTE",1296,2009-05-01
"760","GO","5207","MACRORREGIAO NORDESTE",1555,2009-05-01
"761","GO","5210","MACRORREGIAO CENTRO SUDESTE",1668,2009-04-01
"762","GO","5208","MACRORREGIAO CENTRO-OESTE",2660,2009-04-01
"763","GO","5207","MACRORREGIAO NORDESTE",1581,2009-04-01
"764","GO","5206","MACRORREGIAO SUDOESTE",750,2009-04-01
"765","GO","5209","MACRORREGIAO CENTRO-NORTE",1270,2009-04-01
"766","GO","5207","MACRORREGIAO NORDESTE",1661,2009-03-01
"767","GO","5208","MACRORREGIAO CENTRO-OESTE",2661,2009-03-01
"768","GO","5209","MACRORREGIAO CENTRO-NORTE",1307,2009-03-01
"769","GO","5206","MACRORREGIAO SUDOESTE",806,2009-03-01
"770","GO","5210","MACRORREGIAO CENTRO SUDESTE",1583,2009-03-01
"771","GO","5207","MACRORREGIAO NORDESTE",1477,2009-02-01
"772","GO","5210","MACRORREGIAO CENTRO SUDESTE",1513,2009-02-01
"773","GO","5209","MACRORREGIAO CENTRO-NORTE",1138,2009-02-01
"774","GO","5208","MACRORREGIAO CENTRO-OESTE",2269,2009-02-01
"775","GO","5206","MACRORREGIAO SUDOESTE",676,2009-02-01
"776","GO","5209","MACRORREGIAO CENTRO-NORTE",1143,2009-01-01
"777","GO","5206","MACRORREGIAO SUDOESTE",675,2009-01-01
"778","GO","5210","MACRORREGIAO CENTRO SUDESTE",1481,2009-01-01
"779","GO","5208","MACRORREGIAO CENTRO-OESTE",2429,2009-01-01
"780","GO","5207","MACRORREGIAO NORDESTE",1529,2009-01-01
"781","GO","5206","MACRORREGIAO SUDOESTE",696,2008-12-01
"782","GO","5210","MACRORREGIAO CENTRO SUDESTE",1468,2008-12-01
"783","GO","5209","MACRORREGIAO CENTRO-NORTE",1263,2008-12-01
"784","GO","5207","MACRORREGIAO NORDESTE",1559,2008-12-01
"785","GO","5208","MACRORREGIAO CENTRO-OESTE",2392,2008-12-01
"786","GO","5208","MACRORREGIAO CENTRO-OESTE",2251,2008-11-01
"787","GO","5206","MACRORREGIAO SUDOESTE",662,2008-11-01
"788","GO","5210","MACRORREGIAO CENTRO SUDESTE",1408,2008-11-01
"789","GO","5207","MACRORREGIAO NORDESTE",1486,2008-11-01
"790","GO","5209","MACRORREGIAO CENTRO-NORTE",1135,2008-11-01
"791","GO","5210","MACRORREGIAO CENTRO SUDESTE",1478,2008-10-01
"792","GO","5206","MACRORREGIAO SUDOESTE",674,2008-10-01
"793","GO","5207","MACRORREGIAO NORDESTE",1431,2008-10-01
"794","GO","5208","MACRORREGIAO CENTRO-OESTE",2366,2008-10-01
"795","GO","5209","MACRORREGIAO CENTRO-NORTE",1243,2008-10-01
"796","GO","5207","MACRORREGIAO NORDESTE",1490,2008-09-01
"797","GO","5209","MACRORREGIAO CENTRO-NORTE",1197,2008-09-01
"798","GO","5208","MACRORREGIAO CENTRO-OESTE",2461,2008-09-01
"799","GO","5206","MACRORREGIAO SUDOESTE",687,2008-09-01
"800","GO","5210","MACRORREGIAO CENTRO SUDESTE",1526,2008-09-01
"801","GO","5207","MACRORREGIAO NORDESTE",1408,2008-08-01
"802","GO","5209","MACRORREGIAO CENTRO-NORTE",1194,2008-08-01
"803","GO","5206","MACRORREGIAO SUDOESTE",656,2008-08-01
"804","GO","5210","MACRORREGIAO CENTRO SUDESTE",1511,2008-08-01
"805","GO","5208","MACRORREGIAO CENTRO-OESTE",2311,2008-08-01
"806","GO","5206","MACRORREGIAO SUDOESTE",683,2008-07-01
"807","GO","5207","MACRORREGIAO NORDESTE",1471,2008-07-01
"808","GO","5210","MACRORREGIAO CENTRO SUDESTE",1449,2008-07-01
"809","GO","5209","MACRORREGIAO CENTRO-NORTE",1203,2008-07-01
"810","GO","5208","MACRORREGIAO CENTRO-OESTE",2316,2008-07-01
"811","GO","5209","MACRORREGIAO CENTRO-NORTE",1168,2008-06-01
"812","GO","5207","MACRORREGIAO NORDESTE",1357,2008-06-01
"813","GO","5210","MACRORREGIAO CENTRO SUDESTE",1508,2008-06-01
"814","GO","5206","MACRORREGIAO SUDOESTE",657,2008-06-01
"815","GO","5208","MACRORREGIAO CENTRO-OESTE",2390,2008-06-01
"816","GO","5207","MACRORREGIAO NORDESTE",1593,2008-05-01
"817","GO","5206","MACRORREGIAO SUDOESTE",750,2008-05-01
"818","GO","5210","MACRORREGIAO CENTRO SUDESTE",1584,2008-05-01
"819","GO","5209","MACRORREGIAO CENTRO-NORTE",1259,2008-05-01
"820","GO","5208","MACRORREGIAO CENTRO-OESTE",2499,2008-05-01
"821","GO","5210","MACRORREGIAO CENTRO SUDESTE",1556,2008-04-01
"822","GO","5209","MACRORREGIAO CENTRO-NORTE",1289,2008-04-01
"823","GO","5208","MACRORREGIAO CENTRO-OESTE",2544,2008-04-01
"824","GO","5207","MACRORREGIAO NORDESTE",1508,2008-04-01
"825","GO","5206","MACRORREGIAO SUDOESTE",734,2008-04-01
"826","GO","5209","MACRORREGIAO CENTRO-NORTE",1235,2008-03-01
"827","GO","5208","MACRORREGIAO CENTRO-OESTE",2564,2008-03-01
"828","GO","5206","MACRORREGIAO SUDOESTE",733,2008-03-01
"829","GO","5207","MACRORREGIAO NORDESTE",1530,2008-03-01
"830","GO","5210","MACRORREGIAO CENTRO SUDESTE",1609,2008-03-01
"831","GO","5210","MACRORREGIAO CENTRO SUDESTE",1514,2008-02-01
"832","GO","5208","MACRORREGIAO CENTRO-OESTE",2360,2008-02-01
"833","GO","5206","MACRORREGIAO SUDOESTE",655,2008-02-01
"834","GO","5207","MACRORREGIAO NORDESTE",1451,2008-02-01
"835","GO","5209","MACRORREGIAO CENTRO-NORTE",1175,2008-02-01
"836","GO","5210","MACRORREGIAO CENTRO SUDESTE",1519,2008-01-01
"837","GO","5207","MACRORREGIAO NORDESTE",1461,2008-01-01
"838","GO","5208","MACRORREGIAO CENTRO-OESTE",2337,2008-01-01
"839","GO","5206","MACRORREGIAO SUDOESTE",681,2008-01-01
"840","GO","5209","MACRORREGIAO CENTRO-NORTE",1152,2008-01-01
"841","GO","5208","MACRORREGIAO CENTRO-OESTE",2297,2007-12-01
"842","GO","5207","MACRORREGIAO NORDESTE",1295,2007-12-01
"843","GO","5209","MACRORREGIAO CENTRO-NORTE",1113,2007-12-01
"844","GO","5206","MACRORREGIAO SUDOESTE",632,2007-12-01
"845","GO","5210","MACRORREGIAO CENTRO SUDESTE",1465,2007-12-01
"846","GO","5207","MACRORREGIAO NORDESTE",1285,2007-11-01
"847","GO","5210","MACRORREGIAO CENTRO SUDESTE",1318,2007-11-01
"848","GO","5209","MACRORREGIAO CENTRO-NORTE",1027,2007-11-01
"849","GO","5208","MACRORREGIAO CENTRO-OESTE",2135,2007-11-01
"850","GO","5206","MACRORREGIAO SUDOESTE",554,2007-11-01
"851","GO","5209","MACRORREGIAO CENTRO-NORTE",1117,2007-10-01
"852","GO","5207","MACRORREGIAO NORDESTE",1298,2007-10-01
"853","GO","5210","MACRORREGIAO CENTRO SUDESTE",1367,2007-10-01
"854","GO","5206","MACRORREGIAO SUDOESTE",634,2007-10-01
"855","GO","5208","MACRORREGIAO CENTRO-OESTE",2258,2007-10-01
"856","GO","5207","MACRORREGIAO NORDESTE",1242,2007-09-01
"857","GO","5210","MACRORREGIAO CENTRO SUDESTE",1434,2007-09-01
"858","GO","5206","MACRORREGIAO SUDOESTE",646,2007-09-01
"859","GO","5208","MACRORREGIAO CENTRO-OESTE",2213,2007-09-01
"860","GO","5209","MACRORREGIAO CENTRO-NORTE",1101,2007-09-01
"861","GO","5209","MACRORREGIAO CENTRO-NORTE",1092,2007-08-01
"862","GO","5207","MACRORREGIAO NORDESTE",1374,2007-08-01
"863","GO","5208","MACRORREGIAO CENTRO-OESTE",2252,2007-08-01
"864","GO","5206","MACRORREGIAO SUDOESTE",634,2007-08-01
"865","GO","5210","MACRORREGIAO CENTRO SUDESTE",1363,2007-08-01
"866","GO","5210","MACRORREGIAO CENTRO SUDESTE",1505,2007-07-01
"867","GO","5207","MACRORREGIAO NORDESTE",1466,2007-07-01
"868","GO","5209","MACRORREGIAO CENTRO-NORTE",1188,2007-07-01
"869","GO","5208","MACRORREGIAO CENTRO-OESTE",2380,2007-07-01
"870","GO","5206","MACRORREGIAO SUDOESTE",605,2007-07-01
"871","GO","5206","MACRORREGIAO SUDOESTE",648,2007-06-01
"872","GO","5208","MACRORREGIAO CENTRO-OESTE",2380,2007-06-01
"873","GO","5207","MACRORREGIAO NORDESTE",1414,2007-06-01
"874","GO","5210","MACRORREGIAO CENTRO SUDESTE",1418,2007-06-01
"875","GO","5209","MACRORREGIAO CENTRO-NORTE",1086,2007-06-01
"876","GO","5207","MACRORREGIAO NORDESTE",1584,2007-05-01
"877","GO","5209","MACRORREGIAO CENTRO-NORTE",1252,2007-05-01
"878","GO","5208","MACRORREGIAO CENTRO-OESTE",2526,2007-05-01
"879","GO","5206","MACRORREGIAO SUDOESTE",725,2007-05-01
"880","GO","5210","MACRORREGIAO CENTRO SUDESTE",1584,2007-05-01
"881","GO","5208","MACRORREGIAO CENTRO-OESTE",2505,2007-04-01
"882","GO","5210","MACRORREGIAO CENTRO SUDESTE",1585,2007-04-01
"883","GO","5209","MACRORREGIAO CENTRO-NORTE",1287,2007-04-01
"884","GO","5206","MACRORREGIAO SUDOESTE",685,2007-04-01
"885","GO","5207","MACRORREGIAO NORDESTE",1616,2007-04-01
"886","GO","5207","MACRORREGIAO NORDESTE",1701,2007-03-01
"887","GO","5210","MACRORREGIAO CENTRO SUDESTE",1710,2007-03-01
"888","GO","5208","MACRORREGIAO CENTRO-OESTE",2665,2007-03-01
"889","GO","5206","MACRORREGIAO SUDOESTE",750,2007-03-01
"890","GO","5209","MACRORREGIAO CENTRO-NORTE",1364,2007-03-01
"891","GO","5206","MACRORREGIAO SUDOESTE",701,2007-02-01
"892","GO","5209","MACRORREGIAO CENTRO-NORTE",1125,2007-02-01
"893","GO","5207","MACRORREGIAO NORDESTE",1411,2007-02-01
"894","GO","5208","MACRORREGIAO CENTRO-OESTE",2444,2007-02-01
"895","GO","5210","MACRORREGIAO CENTRO SUDESTE",1472,2007-02-01
"896","GO","5208","MACRORREGIAO CENTRO-OESTE",2360,2007-01-01
"897","GO","5209","MACRORREGIAO CENTRO-NORTE",1173,2007-01-01
"898","GO","5210","MACRORREGIAO CENTRO SUDESTE",1503,2007-01-01
"899","GO","5207","MACRORREGIAO NORDESTE",1525,2007-01-01
"900","GO","5206","MACRORREGIAO SUDOESTE",664,2007-01-01
"901","GO","5206","MACRORREGIAO SUDOESTE",644,2006-12-01
"902","GO","5207","MACRORREGIAO NORDESTE",1382,2006-12-01
"903","GO","5208","MACRORREGIAO CENTRO-OESTE",2336,2006-12-01
"904","GO","5209","MACRORREGIAO CENTRO-NORTE",1200,2006-12-01
"905","GO","5210","MACRORREGIAO CENTRO SUDESTE",1409,2006-12-01
"906","GO","5207","MACRORREGIAO NORDESTE",1435,2006-11-01
"907","GO","5209","MACRORREGIAO CENTRO-NORTE",1118,2006-11-01
"908","GO","5208","MACRORREGIAO CENTRO-OESTE",2290,2006-11-01
"909","GO","5210","MACRORREGIAO CENTRO SUDESTE",1301,2006-11-01
"910","GO","5206","MACRORREGIAO SUDOESTE",625,2006-11-01
"911","GO","5209","MACRORREGIAO CENTRO-NORTE",947,2006-10-01
"912","GO","5207","MACRORREGIAO NORDESTE",1500,2006-10-01
"913","GO","5208","MACRORREGIAO CENTRO-OESTE",2400,2006-10-01
"914","GO","5206","MACRORREGIAO SUDOESTE",709,2006-10-01
"915","GO","5210","MACRORREGIAO CENTRO SUDESTE",1409,2006-10-01
"916","GO","5208","MACRORREGIAO CENTRO-OESTE",2507,2006-09-01
"917","GO","5209","MACRORREGIAO CENTRO-NORTE",1142,2006-09-01
"918","GO","5206","MACRORREGIAO SUDOESTE",690,2006-09-01
"919","GO","5210","MACRORREGIAO CENTRO SUDESTE",1464,2006-09-01
"920","GO","5207","MACRORREGIAO NORDESTE",1573,2006-09-01
"921","GO","5206","MACRORREGIAO SUDOESTE",673,2006-08-01
"922","GO","5209","MACRORREGIAO CENTRO-NORTE",1184,2006-08-01
"923","GO","5207","MACRORREGIAO NORDESTE",1522,2006-08-01
"924","GO","5208","MACRORREGIAO CENTRO-OESTE",2391,2006-08-01
"925","GO","5210","MACRORREGIAO CENTRO SUDESTE",1448,2006-08-01
"926","GO","5209","MACRORREGIAO CENTRO-NORTE",1140,2006-07-01
"927","GO","5207","MACRORREGIAO NORDESTE",1536,2006-07-01
"928","GO","5206","MACRORREGIAO SUDOESTE",635,2006-07-01
"929","GO","5208","MACRORREGIAO CENTRO-OESTE",2307,2006-07-01
"930","GO","5210","MACRORREGIAO CENTRO SUDESTE",1362,2006-07-01
"931","GO","5208","MACRORREGIAO CENTRO-OESTE",2350,2006-06-01
"932","GO","5210","MACRORREGIAO CENTRO SUDESTE",1488,2006-06-01
"933","GO","5209","MACRORREGIAO CENTRO-NORTE",1174,2006-06-01
"934","GO","5206","MACRORREGIAO SUDOESTE",681,2006-06-01
"935","GO","5207","MACRORREGIAO NORDESTE",1577,2006-06-01
"936","GO","5209","MACRORREGIAO CENTRO-NORTE",1258,2006-05-01
"937","GO","5206","MACRORREGIAO SUDOESTE",765,2006-05-01
"938","GO","5208","MACRORREGIAO CENTRO-OESTE",2559,2006-05-01
"939","GO","5210","MACRORREGIAO CENTRO SUDESTE",1625,2006-05-01
"940","GO","5207","MACRORREGIAO NORDESTE",1693,2006-05-01
"941","GO","5208","MACRORREGIAO CENTRO-OESTE",2635,2006-04-01
"942","GO","5206","MACRORREGIAO SUDOESTE",757,2006-04-01
"943","GO","5207","MACRORREGIAO NORDESTE",1644,2006-04-01
"944","GO","5210","MACRORREGIAO CENTRO SUDESTE",1626,2006-04-01
"945","GO","5209","MACRORREGIAO CENTRO-NORTE",1317,2006-04-01
"946","GO","5206","MACRORREGIAO SUDOESTE",796,2006-03-01
"947","GO","5210","MACRORREGIAO CENTRO SUDESTE",1705,2006-03-01
"948","GO","5208","MACRORREGIAO CENTRO-OESTE",2755,2006-03-01
"949","GO","5209","MACRORREGIAO CENTRO-NORTE",1319,2006-03-01
"950","GO","5207","MACRORREGIAO NORDESTE",1561,2006-03-01
"951","GO","5209","MACRORREGIAO CENTRO-NORTE",1046,2006-02-01
"952","GO","5206","MACRORREGIAO SUDOESTE",675,2006-02-01
"953","GO","5207","MACRORREGIAO NORDESTE",1413,2006-02-01
"954","GO","5210","MACRORREGIAO CENTRO SUDESTE",1381,2006-02-01
"955","GO","5208","MACRORREGIAO CENTRO-OESTE",2271,2006-02-01
"956","GO","5208","MACRORREGIAO CENTRO-OESTE",2233,2006-01-01
"957","GO","5206","MACRORREGIAO SUDOESTE",612,2006-01-01
"958","GO","5207","MACRORREGIAO NORDESTE",1576,2006-01-01
"959","GO","5209","MACRORREGIAO CENTRO-NORTE",1171,2006-01-01
"960","GO","5210","MACRORREGIAO CENTRO SUDESTE",1524,2006-01-01
"961","GO","5208","MACRORREGIAO CENTRO-OESTE",2175,2005-12-01
"962","GO","5206","MACRORREGIAO SUDOESTE",634,2005-12-01
"963","GO","5210","MACRORREGIAO CENTRO SUDESTE",1283,2005-12-01
"964","GO","5207","MACRORREGIAO NORDESTE",1316,2005-12-01
"965","GO","5209","MACRORREGIAO CENTRO-NORTE",1136,2005-12-01
"966","GO","5208","MACRORREGIAO CENTRO-OESTE",2252,2005-11-01
"967","GO","5210","MACRORREGIAO CENTRO SUDESTE",1524,2005-11-01
"968","GO","5209","MACRORREGIAO CENTRO-NORTE",1159,2005-11-01
"969","GO","5206","MACRORREGIAO SUDOESTE",635,2005-11-01
"970","GO","5207","MACRORREGIAO NORDESTE",1500,2005-11-01
"971","GO","5209","MACRORREGIAO CENTRO-NORTE",1241,2005-10-01
"972","GO","5206","MACRORREGIAO SUDOESTE",675,2005-10-01
"973","GO","5208","MACRORREGIAO CENTRO-OESTE",2431,2005-10-01
"974","GO","5210","MACRORREGIAO CENTRO SUDESTE",1506,2005-10-01
"975","GO","5207","MACRORREGIAO NORDESTE",1656,2005-10-01
"976","GO","5209","MACRORREGIAO CENTRO-NORTE",1362,2005-09-01
"977","GO","5208","MACRORREGIAO CENTRO-OESTE",2567,2005-09-01
"978","GO","5207","MACRORREGIAO NORDESTE",1634,2005-09-01
"979","GO","5206","MACRORREGIAO SUDOESTE",767,2005-09-01
"980","GO","5210","MACRORREGIAO CENTRO SUDESTE",1626,2005-09-01
"981","GO","5207","MACRORREGIAO NORDESTE",1610,2005-08-01
"982","GO","5208","MACRORREGIAO CENTRO-OESTE",2336,2005-08-01
"983","GO","5206","MACRORREGIAO SUDOESTE",730,2005-08-01
"984","GO","5209","MACRORREGIAO CENTRO-NORTE",1299,2005-08-01
"985","GO","5210","MACRORREGIAO CENTRO SUDESTE",1484,2005-08-01
"986","GO","5210","MACRORREGIAO CENTRO SUDESTE",1552,2005-07-01
"987","GO","5209","MACRORREGIAO CENTRO-NORTE",1287,2005-07-01
"988","GO","5208","MACRORREGIAO CENTRO-OESTE",2472,2005-07-01
"989","GO","5207","MACRORREGIAO NORDESTE",1651,2005-07-01
"990","GO","5206","MACRORREGIAO SUDOESTE",742,2005-07-01
"991","GO","5210","MACRORREGIAO CENTRO SUDESTE",1568,2005-06-01
"992","GO","5206","MACRORREGIAO SUDOESTE",740,2005-06-01
"993","GO","5207","MACRORREGIAO NORDESTE",1670,2005-06-01
"994","GO","5209","MACRORREGIAO CENTRO-NORTE",1275,2005-06-01
"995","GO","5208","MACRORREGIAO CENTRO-OESTE",2509,2005-06-01
"996","GO","5206","MACRORREGIAO SUDOESTE",818,2005-05-01
"997","GO","5210","MACRORREGIAO CENTRO SUDESTE",1626,2005-05-01
"998","GO","5208","MACRORREGIAO CENTRO-OESTE",2708,2005-05-01
"999","GO","5209","MACRORREGIAO CENTRO-NORTE",1464,2005-05-01
"1000","GO","5207","MACRORREGIAO NORDESTE",1700,2005-05-01
"1001","GO","5210","MACRORREGIAO CENTRO SUDESTE",1643,2005-04-01
"1002","GO","5208","MACRORREGIAO CENTRO-OESTE",2740,2005-04-01
"1003","GO","5207","MACRORREGIAO NORDESTE",1611,2005-04-01
"1004","GO","5206","MACRORREGIAO SUDOESTE",786,2005-04-01
"1005","GO","5209","MACRORREGIAO CENTRO-NORTE",1339,2005-04-01
"1006","GO","5206","MACRORREGIAO SUDOESTE",794,2005-03-01
"1007","GO","5210","MACRORREGIAO CENTRO SUDESTE",1683,2005-03-01
"1008","GO","5209","MACRORREGIAO CENTRO-NORTE",1346,2005-03-01
"1009","GO","5208","MACRORREGIAO CENTRO-OESTE",2855,2005-03-01
"1010","GO","5207","MACRORREGIAO NORDESTE",1708,2005-03-01
"1011","GO","5208","MACRORREGIAO CENTRO-OESTE",2352,2005-02-01
"1012","GO","5207","MACRORREGIAO NORDESTE",1552,2005-02-01
"1013","GO","5206","MACRORREGIAO SUDOESTE",704,2005-02-01
"1014","GO","5210","MACRORREGIAO CENTRO SUDESTE",1490,2005-02-01
"1015","GO","5209","MACRORREGIAO CENTRO-NORTE",1170,2005-02-01
"1016","GO","5208","MACRORREGIAO CENTRO-OESTE",2401,2005-01-01
"1017","GO","5206","MACRORREGIAO SUDOESTE",721,2005-01-01
"1018","GO","5207","MACRORREGIAO NORDESTE",1558,2005-01-01
"1019","GO","5209","MACRORREGIAO CENTRO-NORTE",1196,2005-01-01
"1020","GO","5210","MACRORREGIAO CENTRO SUDESTE",1567,2005-01-01
"1021","GO","5207","MACRORREGIAO NORDESTE",1475,2004-12-01
"1022","GO","5206","MACRORREGIAO SUDOESTE",627,2004-12-01
"1023","GO","5209","MACRORREGIAO CENTRO-NORTE",1194,2004-12-01
"1024","GO","5208","MACRORREGIAO CENTRO-OESTE",2367,2004-12-01
"1025","GO","5210","MACRORREGIAO CENTRO SUDESTE",1518,2004-12-01
"1026","GO","5209","MACRORREGIAO CENTRO-NORTE",1197,2004-11-01
"1027","GO","5208","MACRORREGIAO CENTRO-OESTE",2206,2004-11-01
"1028","GO","5207","MACRORREGIAO NORDESTE",1463,2004-11-01
"1029","GO","5206","MACRORREGIAO SUDOESTE",637,2004-11-01
"1030","GO","5210","MACRORREGIAO CENTRO SUDESTE",1336,2004-11-01
"1031","GO","5210","MACRORREGIAO CENTRO SUDESTE",1384,2004-10-01
"1032","GO","5209","MACRORREGIAO CENTRO-NORTE",1224,2004-10-01
"1033","GO","5208","MACRORREGIAO CENTRO-OESTE",2372,2004-10-01
"1034","GO","5207","MACRORREGIAO NORDESTE",1517,2004-10-01
"1035","GO","5206","MACRORREGIAO SUDOESTE",694,2004-10-01
"1036","GO","5209","MACRORREGIAO CENTRO-NORTE",1275,2004-09-01
"1037","GO","5208","MACRORREGIAO CENTRO-OESTE",2493,2004-09-01
"1038","GO","5206","MACRORREGIAO SUDOESTE",732,2004-09-01
"1039","GO","5210","MACRORREGIAO CENTRO SUDESTE",1458,2004-09-01
"1040","GO","5207","MACRORREGIAO NORDESTE",1572,2004-09-01
"1041","GO","5208","MACRORREGIAO CENTRO-OESTE",2339,2004-08-01
"1042","GO","5206","MACRORREGIAO SUDOESTE",652,2004-08-01
"1043","GO","5207","MACRORREGIAO NORDESTE",1587,2004-08-01
"1044","GO","5209","MACRORREGIAO CENTRO-NORTE",1207,2004-08-01
"1045","GO","5210","MACRORREGIAO CENTRO SUDESTE",1521,2004-08-01
"1046","GO","5207","MACRORREGIAO NORDESTE",1647,2004-07-01
"1047","GO","5210","MACRORREGIAO CENTRO SUDESTE",1558,2004-07-01
"1048","GO","5206","MACRORREGIAO SUDOESTE",670,2004-07-01
"1049","GO","5209","MACRORREGIAO CENTRO-NORTE",1310,2004-07-01
"1050","GO","5208","MACRORREGIAO CENTRO-OESTE",2442,2004-07-01
"1051","GO","5209","MACRORREGIAO CENTRO-NORTE",1291,2004-06-01
"1052","GO","5207","MACRORREGIAO NORDESTE",1630,2004-06-01
"1053","GO","5210","MACRORREGIAO CENTRO SUDESTE",1554,2004-06-01
"1054","GO","5208","MACRORREGIAO CENTRO-OESTE",2438,2004-06-01
"1055","GO","5206","MACRORREGIAO SUDOESTE",706,2004-06-01
"1056","GO","5208","MACRORREGIAO CENTRO-OESTE",2657,2004-05-01
"1057","GO","5209","MACRORREGIAO CENTRO-NORTE",1365,2004-05-01
"1058","GO","5210","MACRORREGIAO CENTRO SUDESTE",1646,2004-05-01
"1059","GO","5207","MACRORREGIAO NORDESTE",1723,2004-05-01
"1060","GO","5206","MACRORREGIAO SUDOESTE",793,2004-05-01
"1061","GO","5210","MACRORREGIAO CENTRO SUDESTE",1661,2004-04-01
"1062","GO","5207","MACRORREGIAO NORDESTE",1726,2004-04-01
"1063","GO","5206","MACRORREGIAO SUDOESTE",696,2004-04-01
"1064","GO","5209","MACRORREGIAO CENTRO-NORTE",1375,2004-04-01
"1065","GO","5208","MACRORREGIAO CENTRO-OESTE",2726,2004-04-01
"1066","GO","5208","MACRORREGIAO CENTRO-OESTE",2824,2004-03-01
"1067","GO","5206","MACRORREGIAO SUDOESTE",763,2004-03-01
"1068","GO","5207","MACRORREGIAO NORDESTE",1705,2004-03-01
"1069","GO","5209","MACRORREGIAO CENTRO-NORTE",1408,2004-03-01
"1070","GO","5210","MACRORREGIAO CENTRO SUDESTE",1794,2004-03-01
"1071","GO","5206","MACRORREGIAO SUDOESTE",697,2004-02-01
"1072","GO","5209","MACRORREGIAO CENTRO-NORTE",1269,2004-02-01
"1073","GO","5210","MACRORREGIAO CENTRO SUDESTE",1434,2004-02-01
"1074","GO","5208","MACRORREGIAO CENTRO-OESTE",2452,2004-02-01
"1075","GO","5207","MACRORREGIAO NORDESTE",1574,2004-02-01
"1076","GO","5210","MACRORREGIAO CENTRO SUDESTE",1550,2004-01-01
"1077","GO","5208","MACRORREGIAO CENTRO-OESTE",2514,2004-01-01
"1078","GO","5209","MACRORREGIAO CENTRO-NORTE",1294,2004-01-01
"1079","GO","5206","MACRORREGIAO SUDOESTE",703,2004-01-01
"1080","GO","5207","MACRORREGIAO NORDESTE",1559,2004-01-01
"1081","GO","5209","MACRORREGIAO CENTRO-NORTE",1061,2003-12-01
"1082","GO","5207","MACRORREGIAO NORDESTE",1571,2003-12-01
"1083","GO","5206","MACRORREGIAO SUDOESTE",628,2003-12-01
"1084","GO","5208","MACRORREGIAO CENTRO-OESTE",2385,2003-12-01
"1085","GO","5210","MACRORREGIAO CENTRO SUDESTE",1462,2003-12-01
"1086","GO","5207","MACRORREGIAO NORDESTE",1520,2003-11-01
"1087","GO","5206","MACRORREGIAO SUDOESTE",628,2003-11-01
"1088","GO","5208","MACRORREGIAO CENTRO-OESTE",2433,2003-11-01
"1089","GO","5209","MACRORREGIAO CENTRO-NORTE",1178,2003-11-01
"1090","GO","5210","MACRORREGIAO CENTRO SUDESTE",1429,2003-11-01
"1091","GO","5206","MACRORREGIAO SUDOESTE",641,2003-10-01
"1092","GO","5208","MACRORREGIAO CENTRO-OESTE",2386,2003-10-01
"1093","GO","5209","MACRORREGIAO CENTRO-NORTE",1221,2003-10-01
"1094","GO","5207","MACRORREGIAO NORDESTE",1621,2003-10-01
"1095","GO","5210","MACRORREGIAO CENTRO SUDESTE",1519,2003-10-01
"1096","GO","5208","MACRORREGIAO CENTRO-OESTE",2504,2003-09-01
"1097","GO","5206","MACRORREGIAO SUDOESTE",703,2003-09-01
"1098","GO","5207","MACRORREGIAO NORDESTE",1707,2003-09-01
"1099","GO","5210","MACRORREGIAO CENTRO SUDESTE",1487,2003-09-01
"1100","GO","5209","MACRORREGIAO CENTRO-NORTE",1223,2003-09-01
"1101","GO","5208","MACRORREGIAO CENTRO-OESTE",2365,2003-08-01
"1102","GO","5209","MACRORREGIAO CENTRO-NORTE",1308,2003-08-01
"1103","GO","5206","MACRORREGIAO SUDOESTE",653,2003-08-01
"1104","GO","5207","MACRORREGIAO NORDESTE",1559,2003-08-01
"1105","GO","5210","MACRORREGIAO CENTRO SUDESTE",1537,2003-08-01
"1106","GO","5210","MACRORREGIAO CENTRO SUDESTE",1592,2003-07-01
"1107","GO","5208","MACRORREGIAO CENTRO-OESTE",2501,2003-07-01
"1108","GO","5206","MACRORREGIAO SUDOESTE",735,2003-07-01
"1109","GO","5207","MACRORREGIAO NORDESTE",1698,2003-07-01
"1110","GO","5209","MACRORREGIAO CENTRO-NORTE",1312,2003-07-01
"1111","GO","5208","MACRORREGIAO CENTRO-OESTE",2368,2003-06-01
"1112","GO","5209","MACRORREGIAO CENTRO-NORTE",1407,2003-06-01
"1113","GO","5210","MACRORREGIAO CENTRO SUDESTE",1527,2003-06-01
"1114","GO","5206","MACRORREGIAO SUDOESTE",718,2003-06-01
"1115","GO","5207","MACRORREGIAO NORDESTE",1626,2003-06-01
"1116","GO","5209","MACRORREGIAO CENTRO-NORTE",1379,2003-05-01
"1117","GO","5206","MACRORREGIAO SUDOESTE",711,2003-05-01
"1118","GO","5208","MACRORREGIAO CENTRO-OESTE",2693,2003-05-01
"1119","GO","5207","MACRORREGIAO NORDESTE",1619,2003-05-01
"1120","GO","5210","MACRORREGIAO CENTRO SUDESTE",1588,2003-05-01
"1121","GO","5210","MACRORREGIAO CENTRO SUDESTE",1624,2003-04-01
"1122","GO","5208","MACRORREGIAO CENTRO-OESTE",2873,2003-04-01
"1123","GO","5207","MACRORREGIAO NORDESTE",1685,2003-04-01
"1124","GO","5206","MACRORREGIAO SUDOESTE",779,2003-04-01
"1125","GO","5209","MACRORREGIAO CENTRO-NORTE",1400,2003-04-01
"1126","GO","5207","MACRORREGIAO NORDESTE",1853,2003-03-01
"1127","GO","5206","MACRORREGIAO SUDOESTE",750,2003-03-01
"1128","GO","5210","MACRORREGIAO CENTRO SUDESTE",1653,2003-03-01
"1129","GO","5209","MACRORREGIAO CENTRO-NORTE",1429,2003-03-01
"1130","GO","5208","MACRORREGIAO CENTRO-OESTE",2772,2003-03-01
"1131","GO","5210","MACRORREGIAO CENTRO SUDESTE",1536,2003-02-01
"1132","GO","5209","MACRORREGIAO CENTRO-NORTE",1260,2003-02-01
"1133","GO","5208","MACRORREGIAO CENTRO-OESTE",2494,2003-02-01
"1134","GO","5207","MACRORREGIAO NORDESTE",1571,2003-02-01
"1135","GO","5206","MACRORREGIAO SUDOESTE",658,2003-02-01
"1136","GO","5206","MACRORREGIAO SUDOESTE",641,2003-01-01
"1137","GO","5207","MACRORREGIAO NORDESTE",1619,2003-01-01
"1138","GO","5208","MACRORREGIAO CENTRO-OESTE",2542,2003-01-01
"1139","GO","5210","MACRORREGIAO CENTRO SUDESTE",1466,2003-01-01
"1140","GO","5209","MACRORREGIAO CENTRO-NORTE",1257,2003-01-01
"1141","GO","5207","MACRORREGIAO NORDESTE",1591,2002-12-01
"1142","GO","5206","MACRORREGIAO SUDOESTE",681,2002-12-01
"1143","GO","5209","MACRORREGIAO CENTRO-NORTE",1329,2002-12-01
"1144","GO","5210","MACRORREGIAO CENTRO SUDESTE",1480,2002-12-01
"1145","GO","5208","MACRORREGIAO CENTRO-OESTE",2513,2002-12-01
"1146","GO","5209","MACRORREGIAO CENTRO-NORTE",1283,2002-11-01
"1147","GO","5210","MACRORREGIAO CENTRO SUDESTE",1521,2002-11-01
"1148","GO","5207","MACRORREGIAO NORDESTE",1548,2002-11-01
"1149","GO","5206","MACRORREGIAO SUDOESTE",623,2002-11-01
"1150","GO","5208","MACRORREGIAO CENTRO-OESTE",2318,2002-11-01
"1151","GO","5210","MACRORREGIAO CENTRO SUDESTE",1561,2002-10-01
"1152","GO","5207","MACRORREGIAO NORDESTE",1660,2002-10-01
"1153","GO","5208","MACRORREGIAO CENTRO-OESTE",2409,2002-10-01
"1154","GO","5206","MACRORREGIAO SUDOESTE",679,2002-10-01
"1155","GO","5209","MACRORREGIAO CENTRO-NORTE",1359,2002-10-01
"1156","GO","5209","MACRORREGIAO CENTRO-NORTE",1423,2002-09-01
"1157","GO","5208","MACRORREGIAO CENTRO-OESTE",2571,2002-09-01
"1158","GO","5210","MACRORREGIAO CENTRO SUDESTE",1623,2002-09-01
"1159","GO","5207","MACRORREGIAO NORDESTE",1630,2002-09-01
"1160","GO","5206","MACRORREGIAO SUDOESTE",660,2002-09-01
"1161","GO","5209","MACRORREGIAO CENTRO-NORTE",1323,2002-08-01
"1162","GO","5206","MACRORREGIAO SUDOESTE",653,2002-08-01
"1163","GO","5207","MACRORREGIAO NORDESTE",1606,2002-08-01
"1164","GO","5210","MACRORREGIAO CENTRO SUDESTE",1510,2002-08-01
"1165","GO","5208","MACRORREGIAO CENTRO-OESTE",2428,2002-08-01
"1166","GO","5208","MACRORREGIAO CENTRO-OESTE",2530,2002-07-01
"1167","GO","5209","MACRORREGIAO CENTRO-NORTE",1293,2002-07-01
"1168","GO","5210","MACRORREGIAO CENTRO SUDESTE",1577,2002-07-01
"1169","GO","5207","MACRORREGIAO NORDESTE",1648,2002-07-01
"1170","GO","5206","MACRORREGIAO SUDOESTE",639,2002-07-01
"1171","GO","5207","MACRORREGIAO NORDESTE",1580,2002-06-01
"1172","GO","5206","MACRORREGIAO SUDOESTE",602,2002-06-01
"1173","GO","5210","MACRORREGIAO CENTRO SUDESTE",1459,2002-06-01
"1174","GO","5209","MACRORREGIAO CENTRO-NORTE",1314,2002-06-01
"1175","GO","5208","MACRORREGIAO CENTRO-OESTE",2399,2002-06-01
"1176","GO","5210","MACRORREGIAO CENTRO SUDESTE",1590,2002-05-01
"1177","GO","5207","MACRORREGIAO NORDESTE",1766,2002-05-01
"1178","GO","5206","MACRORREGIAO SUDOESTE",724,2002-05-01
"1179","GO","5208","MACRORREGIAO CENTRO-OESTE",2682,2002-05-01
"1180","GO","5209","MACRORREGIAO CENTRO-NORTE",1445,2002-05-01
"1181","GO","5210","MACRORREGIAO CENTRO SUDESTE",1685,2002-04-01
"1182","GO","5207","MACRORREGIAO NORDESTE",1670,2002-04-01
"1183","GO","5209","MACRORREGIAO CENTRO-NORTE",1455,2002-04-01
"1184","GO","5208","MACRORREGIAO CENTRO-OESTE",2763,2002-04-01
"1185","GO","5206","MACRORREGIAO SUDOESTE",775,2002-04-01
"1186","GO","5210","MACRORREGIAO CENTRO SUDESTE",1807,2002-03-01
"1187","GO","5206","MACRORREGIAO SUDOESTE",795,2002-03-01
"1188","GO","5207","MACRORREGIAO NORDESTE",1717,2002-03-01
"1189","GO","5209","MACRORREGIAO CENTRO-NORTE",1475,2002-03-01
"1190","GO","5208","MACRORREGIAO CENTRO-OESTE",2756,2002-03-01
"1191","GO","5206","MACRORREGIAO SUDOESTE",690,2002-02-01
"1192","GO","5207","MACRORREGIAO NORDESTE",1620,2002-02-01
"1193","GO","5209","MACRORREGIAO CENTRO-NORTE",1226,2002-02-01
"1194","GO","5210","MACRORREGIAO CENTRO SUDESTE",1563,2002-02-01
"1195","GO","5208","MACRORREGIAO CENTRO-OESTE",2539,2002-02-01
"1196","GO","5208","MACRORREGIAO CENTRO-OESTE",2640,2002-01-01
"1197","GO","5206","MACRORREGIAO SUDOESTE",663,2002-01-01
"1198","GO","5209","MACRORREGIAO CENTRO-NORTE",1430,2002-01-01
"1199","GO","5210","MACRORREGIAO CENTRO SUDESTE",1647,2002-01-01
"1200","GO","5207","MACRORREGIAO NORDESTE",1735,2002-01-01
"1201","GO","5207","MACRORREGIAO NORDESTE",1307,2001-12-01
"1202","GO","5210","MACRORREGIAO CENTRO SUDESTE",1536,2001-12-01
"1203","GO","5208","MACRORREGIAO CENTRO-OESTE",2550,2001-12-01
"1204","GO","5206","MACRORREGIAO SUDOESTE",659,2001-12-01
"1205","GO","5209","MACRORREGIAO CENTRO-NORTE",1280,2001-12-01
"1206","GO","5210","MACRORREGIAO CENTRO SUDESTE",1513,2001-11-01
"1207","GO","5206","MACRORREGIAO SUDOESTE",683,2001-11-01
"1208","GO","5209","MACRORREGIAO CENTRO-NORTE",1335,2001-11-01
"1209","GO","5208","MACRORREGIAO CENTRO-OESTE",2404,2001-11-01
"1210","GO","5207","MACRORREGIAO NORDESTE",1283,2001-11-01
"1211","GO","5206","MACRORREGIAO SUDOESTE",690,2001-10-01
"1212","GO","5208","MACRORREGIAO CENTRO-OESTE",2531,2001-10-01
"1213","GO","5207","MACRORREGIAO NORDESTE",1629,2001-10-01
"1214","GO","5210","MACRORREGIAO CENTRO SUDESTE",1597,2001-10-01
"1215","GO","5209","MACRORREGIAO CENTRO-NORTE",1375,2001-10-01
"1216","GO","5207","MACRORREGIAO NORDESTE",1659,2001-09-01
"1217","GO","5208","MACRORREGIAO CENTRO-OESTE",2592,2001-09-01
"1218","GO","5210","MACRORREGIAO CENTRO SUDESTE",1540,2001-09-01
"1219","GO","5209","MACRORREGIAO CENTRO-NORTE",1435,2001-09-01
"1220","GO","5206","MACRORREGIAO SUDOESTE",683,2001-09-01
"1221","GO","5207","MACRORREGIAO NORDESTE",1631,2001-08-01
"1222","GO","5209","MACRORREGIAO CENTRO-NORTE",1404,2001-08-01
"1223","GO","5206","MACRORREGIAO SUDOESTE",633,2001-08-01
"1224","GO","5210","MACRORREGIAO CENTRO SUDESTE",1498,2001-08-01
"1225","GO","5208","MACRORREGIAO CENTRO-OESTE",2391,2001-08-01
"1226","GO","5206","MACRORREGIAO SUDOESTE",676,2001-07-01
"1227","GO","5210","MACRORREGIAO CENTRO SUDESTE",1542,2001-07-01
"1228","GO","5209","MACRORREGIAO CENTRO-NORTE",1460,2001-07-01
"1229","GO","5208","MACRORREGIAO CENTRO-OESTE",2570,2001-07-01
"1230","GO","5207","MACRORREGIAO NORDESTE",1642,2001-07-01
"1231","GO","5209","MACRORREGIAO CENTRO-NORTE",1306,2001-06-01
"1232","GO","5207","MACRORREGIAO NORDESTE",1574,2001-06-01
"1233","GO","5208","MACRORREGIAO CENTRO-OESTE",2456,2001-06-01
"1234","GO","5206","MACRORREGIAO SUDOESTE",681,2001-06-01
"1235","GO","5210","MACRORREGIAO CENTRO SUDESTE",1466,2001-06-01
"1236","GO","5209","MACRORREGIAO CENTRO-NORTE",1545,2001-05-01
"1237","GO","5210","MACRORREGIAO CENTRO SUDESTE",1697,2001-05-01
"1238","GO","5206","MACRORREGIAO SUDOESTE",705,2001-05-01
"1239","GO","5207","MACRORREGIAO NORDESTE",1644,2001-05-01
"1240","GO","5208","MACRORREGIAO CENTRO-OESTE",2801,2001-05-01
"1241","GO","5206","MACRORREGIAO SUDOESTE",740,2001-04-01
"1242","GO","5207","MACRORREGIAO NORDESTE",1593,2001-04-01
"1243","GO","5208","MACRORREGIAO CENTRO-OESTE",2708,2001-04-01
"1244","GO","5209","MACRORREGIAO CENTRO-NORTE",1457,2001-04-01
"1245","GO","5210","MACRORREGIAO CENTRO SUDESTE",1658,2001-04-01
"1246","GO","5206","MACRORREGIAO SUDOESTE",748,2001-03-01
"1247","GO","5209","MACRORREGIAO CENTRO-NORTE",1461,2001-03-01
"1248","GO","5208","MACRORREGIAO CENTRO-OESTE",2745,2001-03-01
"1249","GO","5207","MACRORREGIAO NORDESTE",1715,2001-03-01
"1250","GO","5210","MACRORREGIAO CENTRO SUDESTE",1661,2001-03-01
"1251","GO","5206","MACRORREGIAO SUDOESTE",608,2001-02-01
"1252","GO","5210","MACRORREGIAO CENTRO SUDESTE",1467,2001-02-01
"1253","GO","5209","MACRORREGIAO CENTRO-NORTE",1305,2001-02-01
"1254","GO","5208","MACRORREGIAO CENTRO-OESTE",2316,2001-02-01
"1255","GO","5207","MACRORREGIAO NORDESTE",1511,2001-02-01
"1256","GO","5209","MACRORREGIAO CENTRO-NORTE",1312,2001-01-01
"1257","GO","5210","MACRORREGIAO CENTRO SUDESTE",1524,2001-01-01
"1258","GO","5207","MACRORREGIAO NORDESTE",1607,2001-01-01
"1259","GO","5206","MACRORREGIAO SUDOESTE",678,2001-01-01
"1260","GO","5208","MACRORREGIAO CENTRO-OESTE",2539,2001-01-01
"1261","GO","5210","MACRORREGIAO CENTRO SUDESTE",1512,2000-12-01
"1262","GO","5209","MACRORREGIAO CENTRO-NORTE",1350,2000-12-01
"1263","GO","5208","MACRORREGIAO CENTRO-OESTE",2427,2000-12-01
"1264","GO","5207","MACRORREGIAO NORDESTE",1581,2000-12-01
"1265","GO","5206","MACRORREGIAO SUDOESTE",610,2000-12-01
"1266","GO","5209","MACRORREGIAO CENTRO-NORTE",1298,2000-11-01
"1267","GO","5207","MACRORREGIAO NORDESTE",1516,2000-11-01
"1268","GO","5210","MACRORREGIAO CENTRO SUDESTE",1449,2000-11-01
"1269","GO","5206","MACRORREGIAO SUDOESTE",597,2000-11-01
"1270","GO","5208","MACRORREGIAO CENTRO-OESTE",2335,2000-11-01
"1271","GO","5209","MACRORREGIAO CENTRO-NORTE",1403,2000-10-01
"1272","GO","5206","MACRORREGIAO SUDOESTE",659,2000-10-01
"1273","GO","5210","MACRORREGIAO CENTRO SUDESTE",1512,2000-10-01
"1274","GO","5207","MACRORREGIAO NORDESTE",1694,2000-10-01
"1275","GO","5208","MACRORREGIAO CENTRO-OESTE",2558,2000-10-01
"1276","GO","5208","MACRORREGIAO CENTRO-OESTE",2651,2000-09-01
"1277","GO","5207","MACRORREGIAO NORDESTE",1676,2000-09-01
"1278","GO","5210","MACRORREGIAO CENTRO SUDESTE",1564,2000-09-01
"1279","GO","5209","MACRORREGIAO CENTRO-NORTE",1366,2000-09-01
"1280","GO","5206","MACRORREGIAO SUDOESTE",603,2000-09-01
"1281","GO","5210","MACRORREGIAO CENTRO SUDESTE",1645,2000-08-01
"1282","GO","5209","MACRORREGIAO CENTRO-NORTE",1382,2000-08-01
"1283","GO","5207","MACRORREGIAO NORDESTE",1577,2000-08-01
"1284","GO","5208","MACRORREGIAO CENTRO-OESTE",2553,2000-08-01
"1285","GO","5206","MACRORREGIAO SUDOESTE",700,2000-08-01
"1286","GO","5209","MACRORREGIAO CENTRO-NORTE",1433,2000-07-01
"1287","GO","5210","MACRORREGIAO CENTRO SUDESTE",1512,2000-07-01
"1288","GO","5207","MACRORREGIAO NORDESTE",1710,2000-07-01
"1289","GO","5206","MACRORREGIAO SUDOESTE",722,2000-07-01
"1290","GO","5208","MACRORREGIAO CENTRO-OESTE",2672,2000-07-01
"1291","GO","5209","MACRORREGIAO CENTRO-NORTE",1376,2000-06-01
"1292","GO","5210","MACRORREGIAO CENTRO SUDESTE",1527,2000-06-01
"1293","GO","5206","MACRORREGIAO SUDOESTE",667,2000-06-01
"1294","GO","5208","MACRORREGIAO CENTRO-OESTE",2497,2000-06-01
"1295","GO","5207","MACRORREGIAO NORDESTE",1605,2000-06-01
"1296","GO","5209","MACRORREGIAO CENTRO-NORTE",1477,2000-05-01
"1297","GO","5206","MACRORREGIAO SUDOESTE",706,2000-05-01
"1298","GO","5208","MACRORREGIAO CENTRO-OESTE",2798,2000-05-01
"1299","GO","5210","MACRORREGIAO CENTRO SUDESTE",1644,2000-05-01
"1300","GO","5207","MACRORREGIAO NORDESTE",1734,2000-05-01
"1301","GO","5209","MACRORREGIAO CENTRO-NORTE",1463,2000-04-01
"1302","GO","5210","MACRORREGIAO CENTRO SUDESTE",1618,2000-04-01
"1303","GO","5206","MACRORREGIAO SUDOESTE",678,2000-04-01
"1304","GO","5208","MACRORREGIAO CENTRO-OESTE",2756,2000-04-01
"1305","GO","5207","MACRORREGIAO NORDESTE",1625,2000-04-01
"1306","GO","5208","MACRORREGIAO CENTRO-OESTE",2857,2000-03-01
"1307","GO","5207","MACRORREGIAO NORDESTE",1683,2000-03-01
"1308","GO","5206","MACRORREGIAO SUDOESTE",716,2000-03-01
"1309","GO","5210","MACRORREGIAO CENTRO SUDESTE",1688,2000-03-01
"1310","GO","5209","MACRORREGIAO CENTRO-NORTE",1534,2000-03-01
"1311","GO","5209","MACRORREGIAO CENTRO-NORTE",1362,2000-02-01
"1312","GO","5208","MACRORREGIAO CENTRO-OESTE",2704,2000-02-01
"1313","GO","5207","MACRORREGIAO NORDESTE",1573,2000-02-01
"1314","GO","5210","MACRORREGIAO CENTRO SUDESTE",1503,2000-02-01
"1315","GO","5206","MACRORREGIAO SUDOESTE",709,2000-02-01
"1316","GO","5206","MACRORREGIAO SUDOESTE",701,2000-01-01
"1317","GO","5208","MACRORREGIAO CENTRO-OESTE",2631,2000-01-01
"1318","GO","5209","MACRORREGIAO CENTRO-NORTE",1401,2000-01-01
"1319","GO","5210","MACRORREGIAO CENTRO SUDESTE",1527,2000-01-01
"1320","GO","5207","MACRORREGIAO NORDESTE",1700,2000-01-01
